team,season,batting_WAR,pitching_WAR,total_WAR
FTW,1871,-1.1,1.9,0.8
CLE,1871,1.0,1.5,2.5
NYM,1871,5.0,2.2,7.2
WSO,1871,3.2,0.1,3.3
CHI,1871,-0.5,2.7,2.2
BSN,1871,6.2,3.0,9.2
- - -,1872,3.9,3.3,7.2
BAL,1872,5.8,3.7,9.5
CLE,1872,1.0,0.9,1.9
NYM,1872,8.8,3.8,12.6
BSN,1872,15.6,4.2,19.8
MID,1872,0.6,1.7,2.3
BKA,1872,1.6,5.3,6.9
WSN,1872,-1.8,1.4,-0.4
WSN,1873,-0.7,3.2,2.5
BSN,1873,14.5,6.2,20.7
PWS,1873,1.5,5.4,6.9
NYM,1873,4.4,4.0,8.4
ELI,1873,-1.8,0.2,-1.6
BAL,1873,10.7,4.6,15.3
BKA,1873,4.9,2.5,7.4
HAR,1874,1.7,2.0,3.7
PWS,1874,3.6,5.1,8.7
CHI,1874,4.1,5.9,10.0
NYM,1874,3.7,4.5,8.2
BSN,1874,19.6,6.7,26.3
BKA,1874,3.8,2.0,5.8
BAL,1874,-0.3,1.7,1.4
HAR,1875,5.6,9.6,15.2
- - -,1875,-1.8,9.1,7.3
STL,1875,10.9,2.7,13.6
SLR,1875,-1.4,1.3,-0.1
NYM,1875,3.7,4.9,8.6
PHN,1875,14.5,1.3,15.8
NHE,1875,0.2,2.6,2.8
WSO,1875,-1.2,1.8,0.6
BKA,1875,-0.9,0.7,-0.2
BSN,1875,28.8,7.4,36.2
PWS,1875,1.6,1.0,2.6
CHI,1875,7.6,2.8,10.4
PHN,1876,0.8,5.8,6.6
STL,1876,11.5,3.5,15.0
LOU,1876,5.2,10.4,15.6
HAR,1876,3.0,9.0,12.0
CIN,1876,-2.4,1.9,-0.5
CHI,1876,23.8,6.7,30.5
BSN,1876,10.1,3.4,13.5
NYM,1876,-0.4,3.3,2.9
CIN,1877,-0.6,3.1,2.5
CHI,1877,6.5,5.8,12.3
BSN,1877,10.8,7.1,17.9
LOU,1877,6.3,9.5,15.8
HAR,1877,5.7,0.1,5.8
STL,1877,4.1,2.6,6.7
CIN,1878,11.8,5.2,17.0
BSN,1878,1.9,6.0,7.9
CHI,1878,8.8,0.6,9.4
IND,1878,2.4,2.4,4.8
MIL,1878,0.6,7.1,7.7
PRO,1878,6.2,3.8,10.0
CIN,1879,14.1,4.8,18.9
CLE,1879,-1.1,6.3,5.2
BUF,1879,11.2,8.8,20.0
CHI,1879,11.6,2.8,14.4
PRO,1879,20.7,8.5,29.2
SYR,1879,-2.8,3.3,0.5
BSN,1879,16.2,7.7,23.9
- - -,1879,-1.3,0.9,-0.4
TRO,1879,0.8,6.5,7.3
- - -,1880,-1.5,-0.1,-1.6
CHI,1880,21.8,9.7,31.5
CLE,1880,8.7,7.0,15.7
TRO,1880,9.3,6.1,15.4
PRO,1880,17.5,8.1,25.6
WOR,1880,9.1,8.5,17.6
CIN,1880,0.0,6.1,6.1
BSN,1880,9.0,5.6,14.6
BUF,1880,-0.1,6.3,6.2
PRO,1881,10.8,6.5,17.3
CLE,1881,9.2,6.2,15.4
TRO,1881,8.0,7.5,15.5
BUF,1881,8.7,8.2,16.9
DET,1881,10.9,7.5,18.4
WOR,1881,3.2,7.3,10.5
- - -,1881,-1.5,0.4,-1.1
BSN,1881,6.6,5.6,12.2
CHI,1881,22.3,7.9,30.2
CHI,1882,21.0,9.9,30.9
PHA,1882,5.8,5.4,11.2
CIN,1882,17.0,6.0,23.0
LOU,1882,12.5,6.6,19.1
TRO,1882,7.8,3.7,11.5
DET,1882,5.0,8.3,13.3
BAL,1882,0.1,1.0,1.1
WOR,1882,-2.1,4.3,2.2
BUF,1882,15.7,6.0,21.7
STL,1882,6.6,7.1,13.7
PRO,1882,14.1,7.4,21.5
BSN,1882,11.7,9.8,21.5
PIT,1882,9.8,7.8,17.6
- - -,1882,-2.5,4.2,1.7
CLE,1882,9.4,4.7,14.1
BUF,1883,13.2,10.9,24.1
CHI,1883,13.9,10.2,24.1
STL,1883,14.3,10.9,25.2
COL,1883,9.1,2.5,11.6
CIN,1883,22.1,6.4,28.5
PHA,1883,6.7,9.4,16.1
PHI,1883,-3.6,4.7,1.1
NYG,1883,12.1,6.2,18.3
BAL,1883,6.6,3.0,9.6
LOU,1883,8.9,9.3,18.2
NYM,1883,6.5,14.6,21.1
PIT,1883,6.8,4.1,10.9
PRO,1883,21.5,8.6,30.1
DET,1883,6.6,4.7,11.3
CLE,1883,11.8,4.6,16.4
- - -,1883,-1.5,6.6,5.1
BSN,1883,13.5,12.9,26.4
WSN,1884,-2.3,-0.3,-2.6
BAL,1884,15.7,12.1,27.8
BRO,1884,1.2,8.2,9.4
WIL,1884,-0.1,1.2,1.1
NYM,1884,17.9,13.8,31.7
BSU,1884,11.8,0.0,11.8
PHA,1884,10.8,7.8,18.6
PHI,1884,3.7,5.4,9.1
NYG,1884,16.1,7.6,23.7
PHK,1884,-1.0,0.5,-0.5
MIL,1884,-8.7,3.9,-4.8
LOU,1884,21.9,11.7,33.6
PIT,1884,1.9,1.3,3.2
KCC,1884,0.5,2.3,2.8
IND,1884,4.9,6.2,11.1
PRO,1884,21.5,9.7,31.2
BSN,1884,18.0,16.5,34.5
DET,1884,-0.8,6.3,5.5
COR,1884,14.3,6.7,21.0
COL,1884,23.9,7.6,31.5
CLE,1884,0.3,4.1,4.4
RIC,1884,2.5,1.6,4.1
SPS,1884,0.2,-0.2,0.0
CIN,1884,18.3,4.7,23.0
CHI,1884,30.0,6.6,36.6
STL,1884,39.3,9.7,49.0
TOL,1884,8.9,11.3,20.2
BUF,1884,16.4,11.0,27.4
CUN,1884,3.0,0.1,3.1
ALT,1884,-0.4,0.0,-0.4
WST,1884,5.4,7.1,12.5
- - -,1884,38.0,40.9,78.9
BSN,1885,5.7,10.8,16.5
CHI,1885,26.6,11.0,37.6
PRO,1885,9.3,7.8,17.1
STL,1885,27.2,19.9,47.1
DET,1885,12.4,11.3,23.7
- - -,1885,-0.7,14.2,13.5
NYG,1885,28.5,11.8,40.3
PHA,1885,13.9,11.2,25.1
BRO,1885,10.6,5.3,15.9
CIN,1885,15.3,5.7,21.0
BUF,1885,5.9,2.5,8.4
BAL,1885,4.2,8.6,12.8
PHI,1885,13.5,8.3,21.8
NYM,1885,8.9,1.2,10.1
LOU,1885,10.6,11.6,22.2
PIT,1885,12.3,7.9,20.2
PIT,1886,27.7,11.0,38.7
KCC,1886,-5.6,12.8,7.2
CIN,1886,17.7,7.7,25.4
BAL,1886,3.5,9.9,13.4
NYG,1886,19.9,11.1,31.0
PHI,1886,18.3,10.3,28.6
WAS,1886,2.6,4.6,7.2
LOU,1886,20.1,14.8,34.9
BSN,1886,14.0,8.1,22.1
PHA,1886,10.1,9.2,19.3
DET,1886,30.6,12.9,43.5
- - -,1886,1.7,9.3,11.0
STL,1886,39.7,22.7,62.4
CHI,1886,28.1,15.8,43.9
NYM,1886,6.5,9.9,16.4
BRO,1886,14.7,5.2,19.9
CLE,1887,-1.2,4.4,3.2
BRO,1887,12.0,6.7,18.7
IND,1887,8.5,5.3,13.8
PIT,1887,10.9,9.0,19.9
STL,1887,34.0,16.3,50.3
CHI,1887,14.3,17.5,31.8
NYG,1887,25.8,10.9,36.7
NYM,1887,5.2,7.4,12.6
WAS,1887,3.5,10.6,14.1
BAL,1887,18.9,13.4,32.3
DET,1887,27.9,9.0,36.9
PHI,1887,17.3,14.9,32.2
- - -,1887,-1.6,4.0,2.4
CIN,1887,20.3,11.1,31.4
BSN,1887,19.4,5.3,24.7
LOU,1887,21.8,17.9,39.7
PHA,1887,14.9,11.6,26.5
PHI,1888,7.7,16.9,24.6
BAL,1888,10.3,5.5,15.8
KCC,1888,3.0,2.9,5.9
BRO,1888,18.9,15.9,34.8
IND,1888,9.8,6.5,16.3
BSN,1888,20.0,14.6,34.6
CHI,1888,23.6,11.8,35.4
STL,1888,25.8,17.0,42.8
CIN,1888,19.1,14.2,33.3
NYG,1888,24.2,14.8,39.0
PIT,1888,12.1,6.7,18.8
CLE,1888,6.6,5.9,12.5
- - -,1888,16.5,6.1,22.6
LOU,1888,3.0,12.3,15.3
WAS,1888,4.5,4.4,8.9
PHA,1888,24.0,12.4,36.4
DET,1888,25.3,14.2,39.5
STL,1889,18.0,18.9,36.9
CIN,1889,23.9,13.3,37.2
CLE,1889,12.6,10.7,23.3
BRO,1889,26.5,10.6,37.1
BSN,1889,17.4,17.2,34.6
WAS,1889,8.2,4.7,12.9
BAL,1889,11.2,12.7,23.9
KCC,1889,4.9,11.4,16.3
PIT,1889,17.9,6.1,24.0
IND,1889,17.4,10.8,28.2
CHI,1889,15.6,15.0,30.6
PHI,1889,8.9,14.6,23.5
LOU,1889,-0.3,8.4,8.1
COL,1889,16.6,6.8,23.4
PHA,1889,25.9,9.4,35.3
- - -,1889,0.5,4.9,5.4
NYG,1889,28.9,10.7,39.6
CPI,1890,12.8,17.0,29.8
BKG,1890,0.7,-0.1,0.6
- - -,1890,5.4,25.4,30.8
STL,1890,15.7,18.8,34.5
RCH,1890,14.9,-0.1,14.8
CLI,1890,16.4,6.2,22.6
COL,1890,21.6,5.1,26.7
BRO,1890,28.1,10.2,38.3
SYR,1890,10.0,4.4,14.4
PHQ,1890,14.7,12.5,27.2
TOL,1890,18.0,13.2,31.2
BKW,1890,12.9,12.9,25.8
PHI,1890,17.3,12.8,30.1
CIN,1890,21.4,13.7,35.1
BUF,1890,7.6,2.3,9.9
CLE,1890,5.8,7.7,13.5
BSR,1890,26.8,11.2,38.0
PIT,1890,-1.0,-0.7,-1.7
NYG,1890,17.0,12.3,29.3
PBU,1890,16.6,13.2,29.8
BSN,1890,18.2,20.2,38.4
NYK,1890,20.2,15.2,35.4
LOU,1890,24.9,16.5,41.4
PHA,1890,2.4,1.1,3.5
CHI,1890,23.0,13.3,36.3
BAL,1890,2.0,1.6,3.6
CLE,1891,12.9,14.4,27.3
COL,1891,13.6,5.7,19.3
NYG,1891,22.5,10.6,33.1
WAS,1891,4.3,9.3,13.6
PIT,1891,7.9,9.7,17.6
BAL,1891,15.4,10.7,26.1
CKE,1891,2.3,0.2,2.5
PHA,1891,16.4,14.0,30.4
CIN,1891,13.3,9.2,22.5
LOU,1891,6.8,5.8,12.6
BSN,1891,20.3,12.8,33.1
CHI,1891,21.6,10.7,32.3
- - -,1891,7.9,32.7,40.6
MIL,1891,2.2,4.1,6.3
STL,1891,23.3,8.3,31.6
BSR,1891,35.2,12.3,47.5
BRO,1891,19.7,8.1,27.8
PHI,1891,14.7,7.0,21.7
LOU,1892,9.7,10.2,19.9
BSN,1892,21.6,15.2,36.8
PIT,1892,15.8,7.8,23.6
WAS,1892,15.4,5.9,21.3
NYG,1892,12.9,10.5,23.4
CIN,1892,19.4,8.1,27.5
STL,1892,4.1,13.0,17.1
CLE,1892,25.0,14.9,39.9
PHI,1892,31.2,12.8,44.0
BRO,1892,35.6,11.0,46.6
CHI,1892,10.4,15.4,25.8
BAL,1892,5.8,9.3,15.1
- - -,1892,10.5,24.2,34.7
CHI,1893,10.2,10.6,20.8
BSN,1893,19.9,11.9,31.8
CIN,1893,10.6,6.9,17.5
STL,1893,4.7,11.9,16.6
PIT,1893,26.1,11.8,37.9
WAS,1893,0.1,8.8,8.9
BRO,1893,13.1,8.0,21.1
- - -,1893,9.1,16.7,25.8
CLE,1893,20.4,16.3,36.7
NYG,1893,25.5,7.1,32.6
LOU,1893,5.0,7.0,12.0
BAL,1893,12.1,6.4,18.5
PHI,1893,27.3,12.0,39.3
LOU,1894,0.7,0.8,1.5
WAS,1894,10.4,7.2,17.6
BRO,1894,20.2,7.4,27.6
PHI,1894,28.8,9.6,38.4
STL,1894,3.0,11.3,14.3
- - -,1894,1.8,25.2,27.0
BAL,1894,34.0,6.9,40.9
PIT,1894,18.2,10.6,28.8
BSN,1894,24.0,12.1,36.1
CLE,1894,10.4,12.3,22.7
CIN,1894,9.2,8.8,18.0
CHI,1894,10.9,11.1,22.0
NYG,1894,16.3,13.8,30.1
BAL,1895,32.2,10.3,42.5
CHI,1895,12.4,14.1,26.5
NYG,1895,14.5,12.9,27.4
PHI,1895,31.3,10.2,41.5
CLE,1895,17.4,16.0,33.4
BRO,1895,17.0,5.7,22.7
- - -,1895,-3.4,8.8,5.4
CIN,1895,17.0,14.2,31.2
STL,1895,5.5,7.4,12.9
PIT,1895,16.5,12.6,29.1
LOU,1895,0.3,4.0,4.3
BSN,1895,12.7,15.8,28.5
WAS,1895,14.0,6.0,20.0
CIN,1896,21.0,14.6,35.6
- - -,1896,8.2,2.6,10.8
PHI,1896,18.2,7.1,25.3
BSN,1896,17.5,11.9,29.4
CHI,1896,14.0,14.1,28.1
BAL,1896,34.7,14.5,49.2
WAS,1896,9.2,11.6,20.8
CLE,1896,18.5,19.5,38.0
NYG,1896,15.6,9.7,25.3
LOU,1896,1.4,3.8,5.2
STL,1896,-3.7,9.9,6.2
PIT,1896,18.1,11.5,29.6
BRO,1896,15.3,6.1,21.4
BAL,1897,35.9,15.2,51.1
- - -,1897,3.7,1.4,5.1
STL,1897,1.4,5.5,6.9
WAS,1897,13.0,12.5,25.5
NYG,1897,23.3,10.4,33.7
BSN,1897,29.9,13.9,43.8
CHI,1897,10.8,13.3,24.1
CLE,1897,18.2,13.4,31.6
LOU,1897,6.7,5.7,12.4
PIT,1897,8.1,12.8,20.9
CIN,1897,10.6,16.8,27.4
BRO,1897,12.2,6.9,19.1
PHI,1897,15.6,10.7,26.3
BSN,1898,26.7,16.1,42.8
CHI,1898,23.7,14.9,38.6
CLE,1898,17.6,16.3,33.9
BAL,1898,37.3,16.7,54.0
NYG,1898,18.2,10.6,28.8
LOU,1898,16.4,4.9,21.3
CIN,1898,22.1,14.6,36.7
- - -,1898,12.2,5.3,17.5
WAS,1898,7.3,10.4,17.7
STL,1898,-0.9,12.2,11.3
PIT,1898,7.8,12.5,20.3
PHI,1898,22.9,11.1,34.0
BRO,1898,6.7,9.8,16.5
PHI,1899,30.3,12.4,42.7
BAL,1899,25.7,16.1,41.8
CHI,1899,18.2,15.8,34.0
WAS,1899,2.5,10.0,12.5
CLE,1899,-13.3,3.7,-9.6
NYG,1899,13.9,5.1,19.0
PIT,1899,22.6,12.7,35.3
- - -,1899,16.0,11.4,27.4
LOU,1899,16.6,11.2,27.8
STL,1899,17.7,14.8,32.5
CIN,1899,19.4,17.4,36.8
BSN,1899,23.9,13.9,37.8
BRO,1899,22.4,11.8,34.2
PIT,1900,17.8,16.5,34.3
BSN,1900,19.2,9.8,29.0
BRO,1900,22.2,10.3,32.5
CIN,1900,9.4,14.8,24.2
CHI,1900,8.9,14.6,23.5
NYG,1900,13.4,6.7,20.1
STL,1900,20.4,14.4,34.8
PHI,1900,19.1,9.9,29.0
- - -,1900,2.8,1.0,3.8
BRO,1901,24.1,11.1,35.2
CIN,1901,5.5,8.8,14.3
DET,1901,19.1,13.3,32.4
NYG,1901,6.4,10.0,16.4
MIL,1901,7.0,8.7,15.7
PHI,1901,24.0,14.7,38.7
PHA,1901,18.4,10.6,29.0
BOS,1901,23.1,15.2,38.3
STL,1901,29.0,8.2,37.2
BSN,1901,6.0,15.7,21.7
BAL,1901,16.0,10.7,26.7
WAS,1901,7.6,10.5,18.1
CLE,1901,8.3,4.6,12.9
CHW,1901,28.2,11.3,39.5
CHI,1901,11.9,8.2,20.1
PIT,1901,26.8,15.1,41.9
- - -,1901,0.9,13.8,14.7
STL,1902,9.8,6.7,16.5
BRO,1902,13.2,12.4,25.6
WAS,1902,15.4,9.5,24.9
CHW,1902,16.2,7.9,24.1
CHI,1902,13.8,11.2,25.0
- - -,1902,42.3,34.5,76.8
CIN,1902,16.7,11.6,28.3
SLB,1902,14.3,9.3,23.6
NYG,1902,0.8,4.2,5.0
BSN,1902,14.8,12.0,26.8
PHA,1902,19.6,13.5,33.1
PHI,1902,3.9,8.6,12.5
CLE,1902,9.7,5.8,15.5
BOS,1902,20.0,14.2,34.2
BAL,1902,4.6,3.6,8.2
PIT,1902,38.7,18.1,56.8
DET,1902,8.7,9.7,18.4
DET,1903,16.5,12.2,28.7
CHW,1903,12.7,5.4,18.1
CLE,1903,24.8,11.0,35.8
WAS,1903,2.6,7.7,10.3
- - -,1903,7.0,11.4,18.4
NYH,1903,8.9,16.0,24.9
BOS,1903,29.3,14.4,43.7
CIN,1903,18.7,18.6,37.3
STL,1903,4.2,6.3,10.5
BSN,1903,4.9,9.1,14.0
PHI,1903,8.6,8.0,16.6
NYG,1903,21.1,16.5,37.6
CHC,1903,22.7,9.4,32.1
SLB,1903,12.4,7.9,20.3
BRO,1903,19.8,9.2,29.0
PHA,1903,16.7,16.7,33.4
PIT,1903,31.2,14.2,45.4
BOS,1904,19.8,17.7,37.5
NYG,1904,34.7,18.2,52.9
BRO,1904,12.5,5.2,17.7
SLB,1904,14.6,8.4,23.0
NYH,1904,24.2,14.8,39.0
DET,1904,10.5,7.9,18.4
- - -,1904,7.7,12.1,19.8
PIT,1904,22.1,11.9,34.0
CIN,1904,16.0,21.1,37.1
PHI,1904,11.6,6.9,18.5
CHW,1904,29.9,9.3,39.2
CLE,1904,25.4,16.4,41.8
STL,1904,22.5,15.6,38.1
CHC,1904,21.0,15.0,36.0
PHA,1904,18.5,21.0,39.5
BSN,1904,3.2,8.0,11.2
WAS,1904,-0.6,6.5,5.9
CLE,1905,24.7,10.8,35.5
CHC,1905,25.4,17.3,42.7
NYH,1905,12.2,14.1,26.3
DET,1905,14.6,9.5,24.1
PHI,1905,22.6,8.7,31.3
PIT,1905,24.0,15.5,39.5
STL,1905,8.8,9.1,17.9
BSN,1905,-2.3,10.8,8.5
BRO,1905,4.4,7.8,12.2
CHW,1905,28.1,14.0,42.1
- - -,1905,8.9,4.7,13.6
BOS,1905,17.0,17.3,34.3
NYG,1905,40.3,21.1,61.4
WAS,1905,6.2,9.8,16.0
CIN,1905,18.9,16.2,35.1
SLB,1905,12.0,9.7,21.7
PHA,1905,26.0,19.3,45.3
PHA,1906,18.9,17.1,36.0
SLB,1906,23.1,13.2,36.3
PHI,1906,16.5,9.1,25.6
BRO,1906,13.7,7.4,21.1
BOS,1906,5.4,13.1,18.5
DET,1906,5.1,10.2,15.3
PIT,1906,25.0,17.3,42.3
CIN,1906,7.8,13.2,21.0
STL,1906,6.7,3.0,9.7
BSN,1906,0.7,10.7,11.4
WAS,1906,11.7,7.6,19.3
NYH,1906,19.3,18.1,37.4
CHW,1906,19.8,15.2,35.0
CHC,1906,37.2,12.4,49.6
- - -,1906,12.3,16.3,28.6
NYG,1906,26.8,17.6,44.4
CLE,1906,39.3,12.5,51.8
CHC,1907,29.9,17.7,47.6
STL,1907,4.5,10.8,15.3
PIT,1907,25.5,16.0,41.5
CHW,1907,22.2,14.6,36.8
DET,1907,20.5,14.0,34.5
BOS,1907,10.1,13.3,23.4
PHA,1907,21.3,19.0,40.3
PHI,1907,16.0,12.1,28.1
SLB,1907,23.6,8.5,32.1
CLE,1907,23.3,12.1,35.4
NYG,1907,23.1,18.3,41.4
NYH,1907,7.7,12.0,19.7
WAS,1907,9.9,12.0,21.9
- - -,1907,8.7,3.1,11.8
BRO,1907,10.7,9.1,19.8
CIN,1907,17.3,12.7,30.0
BSN,1907,14.9,7.7,22.6
- - -,1908,8.5,9.4,17.9
NYH,1908,2.0,9.5,11.5
STL,1908,2.6,11.5,14.1
CLE,1908,24.5,13.1,37.6
CHW,1908,23.6,15.5,39.1
PIT,1908,25.7,10.8,36.5
CIN,1908,12.1,9.5,21.6
PHI,1908,22.6,14.5,37.1
WAS,1908,16.0,12.2,28.2
CHC,1908,29.2,16.4,45.6
SLB,1908,24.9,11.4,36.3
DET,1908,24.7,14.9,39.6
BSN,1908,13.5,8.0,21.5
BOS,1908,14.8,13.1,27.9
PHA,1908,8.1,17.1,25.2
NYG,1908,34.5,21.7,56.2
BRO,1908,5.1,8.6,13.7
PHA,1909,32.3,14.5,46.8
BOS,1909,24.1,9.8,33.9
CHC,1909,24.8,21.7,46.5
PIT,1909,32.9,17.6,50.5
BRO,1909,5.0,7.6,12.6
NYH,1909,13.2,12.5,25.7
SLB,1909,4.9,12.3,17.2
BSN,1909,-3.1,7.3,4.2
CHW,1909,16.3,14.0,30.3
- - -,1909,16.8,7.0,23.8
NYG,1909,26.7,20.6,47.3
WAS,1909,2.7,8.3,11.0
STL,1909,13.0,7.0,20.0
CLE,1909,14.6,14.6,29.2
CIN,1909,26.0,10.6,36.6
PHI,1909,14.8,14.5,29.3
DET,1909,27.1,15.0,42.1
BRO,1910,4.9,12.0,16.9
NYG,1910,29.7,21.4,51.1
PHI,1910,18.5,12.4,30.9
PHA,1910,33.8,16.5,50.3
- - -,1910,5.5,9.3,14.8
BOS,1910,25.5,13.6,39.1
DET,1910,25.9,8.9,34.8
SLB,1910,-0.5,6.6,6.1
CLE,1910,13.3,12.9,26.2
CHW,1910,2.4,17.0,19.4
CIN,1910,21.5,7.1,28.6
PIT,1910,22.6,14.7,37.3
STL,1910,16.5,7.7,24.2
NYH,1910,20.1,19.6,39.7
BSN,1910,4.4,7.7,12.1
CHC,1910,30.3,15.1,45.4
WAS,1910,18.1,14.1,32.2
BOS,1911,21.0,15.6,36.6
STL,1911,20.0,6.0,26.0
CLE,1911,18.2,13.2,31.4
CHW,1911,19.6,17.3,36.9
PHI,1911,14.1,12.2,26.3
BSN,1911,4.9,3.2,8.1
WAS,1911,9.6,12.7,22.3
CHC,1911,27.0,13.4,40.4
- - -,1911,4.0,11.4,15.4
NYG,1911,30.0,23.0,53.0
DET,1911,22.6,13.3,35.9
PHA,1911,33.5,12.6,46.1
PIT,1911,24.4,17.3,41.7
SLB,1911,2.4,4.9,7.3
CIN,1911,19.1,10.6,29.7
NYH,1911,16.9,18.7,35.6
BRO,1911,3.3,10.1,13.4
PHI,1912,11.7,14.0,25.7
NYH,1912,2.5,15.7,18.2
BOS,1912,30.5,17.6,48.1
NYG,1912,32.2,19.5,51.7
SLB,1912,7.5,10.5,18.0
CIN,1912,7.7,14.9,22.6
CHW,1912,12.8,12.0,24.8
WAS,1912,18.8,15.1,33.9
- - -,1912,7.3,10.3,17.6
BSN,1912,4.1,15.1,19.2
DET,1912,19.5,7.2,26.7
CLE,1912,16.4,13.4,29.8
CHC,1912,25.1,10.7,35.8
PIT,1912,28.0,14.9,42.9
BRO,1912,15.9,8.7,24.6
STL,1912,14.2,8.0,22.2
PHA,1912,34.9,8.6,43.5
PIT,1913,16.7,13.9,30.6
PHA,1913,37.3,8.5,45.8
SLB,1913,11.4,9.7,21.1
CIN,1913,13.9,9.5,23.4
CHW,1913,7.8,14.2,22.0
CLE,1913,19.8,17.0,36.8
STL,1913,9.2,5.6,14.8
CHC,1913,23.7,10.7,34.4
- - -,1913,10.2,7.8,18.0
NYG,1913,28.3,17.7,46.0
DET,1913,19.0,11.1,30.1
PHI,1913,17.6,16.6,34.2
BSN,1913,8.5,19.0,27.5
NYY,1913,6.5,10.4,16.9
WAS,1913,20.1,14.2,34.3
BRO,1913,19.2,12.0,31.2
BOS,1913,20.9,17.0,37.9
DET,1914,26.8,12.0,38.8
CHW,1914,12.4,16.7,29.1
CWH,1914,31.2,8.8,40.0
PHA,1914,30.7,13.7,44.4
BKF,1914,19.4,9.0,28.4
BOS,1914,23.2,15.2,38.4
PIT,1914,11.2,12.3,23.5
BSN,1914,15.9,16.6,32.5
NYG,1914,30.8,11.4,42.2
PRB,1914,9.3,9.9,19.2
CHC,1914,18.8,10.5,29.3
BRO,1914,18.2,12.3,30.5
- - -,1914,21.2,26.2,47.4
STL,1914,21.4,11.8,33.2
CIN,1914,9.0,12.4,21.4
IND,1914,28.2,19.1,47.3
SLT,1914,2.5,10.7,13.2
BUF,1914,11.6,9.9,21.5
KCP,1914,21.4,4.6,26.0
CLE,1914,7.3,8.8,16.1
PHI,1914,15.4,16.8,32.2
BAL,1914,15.5,20.9,36.4
WAS,1914,17.4,15.4,32.8
NYY,1914,9.1,12.7,21.8
SLB,1914,12.9,6.8,19.7
BRO,1915,9.4,6.2,15.6
SLB,1915,14.6,5.1,19.7
PIT,1915,19.0,11.5,30.5
PRB,1915,19.0,10.8,29.8
KCP,1915,13.7,13.8,27.5
NYG,1915,16.6,10.4,27.0
- - -,1915,25.1,31.3,56.4
NYY,1915,14.0,10.0,24.0
DET,1915,32.8,14.5,47.3
BSN,1915,20.5,14.4,34.9
STL,1915,20.5,10.8,31.3
CHC,1915,15.7,10.0,25.7
CWH,1915,24.9,10.7,35.6
SLT,1915,25.5,23.8,49.3
BOS,1915,25.0,16.8,41.8
WAS,1915,15.2,20.4,35.6
PHI,1915,21.7,20.2,41.9
BKF,1915,19.3,7.2,26.5
BUF,1915,12.5,10.7,23.2
CIN,1915,17.8,8.5,26.3
BAL,1915,2.6,8.6,11.2
PHA,1915,5.9,-0.7,5.2
NWK,1915,17.5,11.6,29.1
CLE,1915,2.8,16.2,19.0
CHW,1915,24.2,21.7,45.9
STL,1916,10.0,7.4,17.4
DET,1916,25.4,9.7,35.1
CIN,1916,15.0,7.4,22.4
BRO,1916,23.3,17.4,40.7
PHA,1916,3.7,4.4,8.1
SLB,1916,21.2,11.2,32.4
CHC,1916,6.6,15.9,22.5
- - -,1916,24.4,7.2,31.6
NYG,1916,16.8,10.2,27.0
PHI,1916,19.6,19.1,38.7
WAS,1916,14.1,17.0,31.1
CHW,1916,23.1,19.6,42.7
PIT,1916,9.9,10.9,20.8
CLE,1916,15.5,17.0,32.5
NYY,1916,21.5,12.7,34.2
BSN,1916,20.8,16.3,37.1
BOS,1916,20.5,14.3,34.8
PIT,1917,6.9,11.3,18.2
STL,1917,19.1,6.7,25.8
BRO,1917,13.2,12.4,25.6
CHC,1917,5.0,15.1,20.1
NYG,1917,33.0,11.7,44.7
BSN,1917,18.8,14.0,32.8
BOS,1917,23.8,13.8,37.6
CLE,1917,21.2,16.7,37.9
- - -,1917,11.6,6.1,17.7
SLB,1917,14.6,5.7,20.3
WAS,1917,15.5,14.4,29.9
PHI,1917,18.0,20.6,38.6
DET,1917,23.6,12.6,36.2
PHA,1917,11.6,11.1,22.7
CIN,1917,19.5,11.2,30.7
NYY,1917,13.9,15.9,29.8
CHW,1917,23.6,17.3,40.9
DET,1918,9.3,10.1,19.4
STL,1918,14.4,9.2,23.6
BOS,1918,22.5,9.9,32.4
BRO,1918,5.7,10.0,15.7
CIN,1918,25.5,3.1,28.6
CHC,1918,19.9,18.3,38.2
NYG,1918,18.6,8.7,27.3
BSN,1918,9.7,10.7,20.4
WAS,1918,16.3,15.2,31.5
PIT,1918,18.2,12.3,30.5
CHW,1918,13.0,14.7,27.7
NYY,1918,15.9,6.1,22.0
PHI,1918,6.5,8.0,14.5
SLB,1918,16.5,9.8,26.3
- - -,1918,0.1,8.5,8.6
CLE,1918,18.6,16.6,35.2
PHA,1918,7.4,6.2,13.6
- - -,1919,3.9,26.4,30.3
STL,1919,16.1,4.6,20.7
DET,1919,22.0,9.0,31.0
BRO,1919,9.2,18.2,27.4
PIT,1919,13.6,14.5,28.1
CIN,1919,26.3,12.4,38.7
CLE,1919,23.7,16.7,40.4
CHC,1919,11.2,16.1,27.3
NYG,1919,28.3,6.3,34.6
PHA,1919,-3.5,7.4,3.9
CHW,1919,28.5,14.7,43.2
PHI,1919,7.0,4.5,11.5
NYY,1919,20.6,9.3,29.9
WAS,1919,13.5,11.7,25.2
BSN,1919,11.1,6.6,17.7
BOS,1919,19.3,7.0,26.3
SLB,1919,12.0,11.7,23.7
NYG,1920,22.3,12.2,34.5
STL,1920,26.5,9.6,36.1
CLE,1920,31.6,19.4,51.0
PHI,1920,3.9,13.4,17.3
PHA,1920,-9.0,14.3,5.3
ABC,1920,12.7,7.2,19.9
SLG,1920,5.1,6.6,11.7
CAG,1920,12.5,6.8,19.3
DET,1920,8.7,10.0,18.7
WAS,1920,18.0,7.6,25.6
CHC,1920,15.2,14.2,29.4
BRO,1920,20.3,20.0,40.3
DS,1920,10.0,3.4,13.4
- - -,1920,5.5,8.8,14.3
NYY,1920,28.8,15.6,44.4
PIT,1920,12.5,19.9,32.4
BOS,1920,17.5,11.2,28.7
CSW,1920,8.1,0.3,8.4
CHW,1920,25.6,16.4,42.0
DM,1920,0.6,1.8,2.4
KCM,1920,14.1,10.6,24.7
COG,1920,-1.7,-0.1,-1.8
CIN,1920,22.7,10.3,33.0
SLB,1920,27.3,10.9,38.2
BSN,1920,14.3,5.9,20.2
WAS,1921,15.5,13.7,29.2
CHW,1921,11.1,11.4,22.5
ABC,1921,16.7,7.3,24.0
NYG,1921,32.4,9.9,42.3
BOS,1921,10.4,13.8,24.2
CHC,1921,13.0,10.1,23.1
SLB,1921,16.0,12.3,28.3
DS,1921,8.9,4.8,13.7
KCM,1921,19.5,9.5,29.0
- - -,1921,1.5,12.0,13.5
COB,1921,5.9,4.9,10.8
CLE,1921,28.3,17.1,45.4
NYY,1921,36.7,15.3,52.0
DET,1921,26.2,10.6,36.8
PHI,1921,-0.3,14.9,14.6
PIT,1921,17.5,20.3,37.8
CIN,1921,13.9,15.5,29.4
STL,1921,30.7,9.8,40.5
CAG,1921,10.8,7.6,18.4
COG,1921,-1.7,0.7,-1.0
PHA,1921,3.6,11.1,14.7
CS,1921,8.4,1.5,9.9
BRO,1921,11.7,14.9,26.6
BSN,1921,21.4,8.9,30.3
SLG,1921,15.3,7.0,22.3
PIT,1922,22.6,20.1,42.7
PK,1922,-1.3,1.1,-0.2
DET,1922,26.6,12.6,39.2
SLB,1922,32.1,20.2,52.3
CAG,1922,9.2,8.9,18.1
PHI,1922,10.2,16.7,26.9
NYG,1922,36.2,10.3,46.5
BSN,1922,0.2,7.6,7.8
CHC,1922,18.8,10.6,29.4
ABC,1922,18.1,6.6,24.7
STL,1922,22.2,11.5,33.7
BOS,1922,2.0,12.3,14.3
CTS,1922,-0.3,4.1,3.8
CHW,1922,16.2,14.0,30.2
DS,1922,9.7,7.8,17.5
- - -,1922,1.3,8.0,9.3
NYY,1922,26.1,15.6,41.7
KCM,1922,22.1,10.3,32.4
SLS,1922,3.9,3.3,7.2
CIN,1922,25.8,15.3,41.1
WAS,1922,14.1,11.2,25.3
CSW,1922,-1.0,0.5,-0.5
BRO,1922,11.5,12.0,23.5
CLE,1922,18.8,15.6,34.4
PHA,1922,9.2,6.7,15.9
CSW,1923,1.7,4.2,5.9
CHW,1923,18.0,11.5,29.5
NYY,1923,31.6,13.5,45.1
MB,1923,1.2,0.1,1.3
KCM,1923,23.9,16.3,40.2
PHA,1923,7.1,11.5,18.6
CIN,1923,21.9,19.4,41.3
- - -,1923,12.2,19.4,31.6
WAS,1923,17.5,8.3,25.8
NLG,1923,5.9,4.8,10.7
SLS,1923,4.1,3.2,7.3
BRG,1923,2.0,1.7,3.7
HIL,1923,10.7,5.3,16.0
TT,1923,0.0,0.1,0.1
CAG,1923,11.4,7.9,19.3
CSE,1923,1.8,3.2,5.0
DET,1923,29.0,13.1,42.1
BOS,1923,-3.0,12.7,9.7
BBS,1923,5.8,2.2,8.0
SLB,1923,13.5,16.3,29.8
BSN,1923,5.8,8.9,14.7
AC,1923,1.9,3.7,5.6
STL,1923,19.6,10.4,30.0
CHC,1923,23.9,11.2,35.1
CLE,1923,28.8,17.4,46.2
ABC,1923,8.6,7.6,16.2
DS,1923,13.6,4.1,17.7
BRO,1923,16.4,15.7,32.1
NYG,1923,31.2,9.1,40.3
PIT,1923,23.6,12.8,36.4
PHI,1923,-1.8,10.3,8.5
NYY,1924,24.1,12.3,36.4
STL,1924,20.1,6.8,26.9
BRG,1924,3.2,3.5,6.7
CAG,1924,13.0,6.5,19.5
BOS,1924,10.6,13.8,24.4
HIL,1924,13.8,15.9,29.7
- - -,1924,5.7,15.5,21.2
AC,1924,4.9,4.2,9.1
BSN,1924,0.2,10.1,10.3
CHW,1924,17.6,10.2,27.8
CIN,1924,20.9,18.9,39.8
KCM,1924,20.4,8.4,28.8
DET,1924,27.4,13.9,41.3
CSW,1924,2.3,0.0,2.3
MRS,1924,-0.1,6.2,6.1
NYG,1924,36.2,9.3,45.5
WAS,1924,27.4,13.0,40.4
CSE,1924,-0.2,2.8,2.6
SLB,1924,15.7,13.0,28.7
BRO,1924,20.1,15.2,35.3
CBN,1924,-1.6,1.1,-0.5
SLS,1924,6.8,3.6,10.4
HBG,1924,7.8,5.1,12.9
CHC,1924,16.8,8.5,25.3
PHI,1924,1.4,13.8,15.2
BBB,1924,6.9,6.8,13.7
ABC,1924,-1.3,0.2,-1.1
WP,1924,1.3,-1.5,-0.2
BBS,1924,7.7,5.5,13.2
NLG,1924,7.4,6.8,14.2
PIT,1924,24.6,18.8,43.4
DS,1924,10.6,1.7,12.3
PHA,1924,7.7,13.1,20.8
CLE,1924,17.8,13.2,31.0
BOS,1925,-0.7,10.1,9.4
PHA,1925,24.3,14.1,38.4
CIN,1925,18.7,20.7,39.4
DS,1925,16.3,5.4,21.7
SLS,1925,21.4,7.6,29.0
BBB,1925,3.4,-3.4,0.0
- - -,1925,16.5,18.8,35.3
MRS,1925,-0.5,5.6,5.1
BBS,1925,6.4,10.6,17.0
WAS,1925,24.7,11.5,36.2
NYG,1925,16.1,13.1,29.2
STL,1925,25.0,10.3,35.3
CAG,1925,1.5,13.7,15.2
PIT,1925,32.8,13.8,46.6
WMP,1925,-0.9,-0.1,-1.0
PHI,1925,7.2,12.2,19.4
DET,1925,27.6,12.0,39.6
NYY,1925,13.4,13.5,26.9
CHC,1925,10.8,9.6,20.4
HBG,1925,16.0,7.4,23.4
CLE,1925,16.7,16.2,32.9
ABC,1925,2.6,-3.4,-0.8
NLG,1925,3.9,-0.1,3.8
BRO,1925,15.8,13.0,28.8
SLB,1925,15.1,9.1,24.2
AC,1925,0.4,4.8,5.2
KCM,1925,11.0,22.1,33.1
CSE,1925,1.9,4.5,6.4
CHW,1925,22.6,11.4,34.0
BRG,1925,2.0,4.2,6.2
BSN,1925,15.7,8.9,24.6
HIL,1925,15.1,13.9,29.0
PIT,1926,21.8,14.3,36.1
DS,1926,15.5,5.4,20.9
AC,1926,4.3,8.7,13.0
DET,1926,19.9,13.0,32.9
CHW,1926,25.1,14.5,39.6
BBS,1926,3.1,3.4,6.5
NYY,1926,31.7,12.5,44.2
WAS,1926,23.0,8.1,31.1
KCM,1926,16.1,12.2,28.3
ABC,1926,8.9,8.3,17.2
PHA,1926,14.5,16.6,31.1
CIN,1926,30.9,17.5,48.4
SLB,1926,7.0,7.4,14.4
SLS,1926,25.6,4.2,29.8
CAG,1926,4.2,13.4,17.6
PHI,1926,4.0,13.8,17.8
CHC,1926,22.8,13.9,36.7
NS,1926,-2.2,0.3,-1.9
CLE,1926,21.2,16.5,37.7
NLG,1926,3.8,1.9,5.7
HBG,1926,6.2,3.2,9.4
CSE,1926,4.7,3.7,8.4
DM,1926,-6.8,1.1,-5.7
HIL,1926,18.8,8.5,27.3
CSW,1926,0.3,1.6,1.9
STL,1926,26.3,11.0,37.3
BSN,1926,9.2,9.6,18.8
BRO,1926,9.1,13.8,22.9
BRG,1926,1.5,2.3,3.8
NYG,1926,19.6,9.1,28.7
BOS,1926,3.6,7.3,10.9
CEL,1926,-0.7,-0.1,-0.8
- - -,1926,6.4,17.8,24.2
CHT,1927,2.5,-5.5,-3.0
CSE,1927,1.5,2.8,4.3
- - -,1927,5.7,13.6,19.3
PHA,1927,25.8,17.3,43.1
HBG,1927,18.9,7.1,26.0
CHW,1927,16.6,11.6,28.2
BOS,1927,-0.5,10.0,9.5
BRO,1927,4.2,14.9,19.1
BBB,1927,11.4,11.1,22.5
NYY,1927,49.2,16.3,65.5
CHC,1927,26.4,9.1,35.5
PHI,1927,2.5,12.9,15.4
SLS,1927,25.6,9.4,35.0
SLB,1927,6.8,7.8,14.6
NLG,1927,0.5,2.3,2.8
CSW,1927,2.5,3.4,5.9
CLE,1927,6.4,14.5,20.9
AC,1927,14.2,10.3,24.5
KCM,1927,13.7,16.1,29.8
CIN,1927,17.9,17.4,35.3
BSN,1927,8.3,6.2,14.5
STL,1927,28.1,12.2,40.3
MRS,1927,-6.1,-1.1,-7.2
DET,1927,21.7,11.7,33.4
BBS,1927,5.2,5.4,10.6
BRG,1927,2.1,2.6,4.7
WAS,1927,20.9,12.2,33.1
PIT,1927,27.5,17.1,44.6
NYG,1927,31.4,8.1,39.5
HIL,1927,2.4,7.1,9.5
DS,1927,15.7,7.6,23.3
CAG,1927,8.9,21.3,30.2
WAS,1928,21.5,15.5,37.0
PTG,1928,-0.5,0.7,0.2
KCM,1928,11.8,9.8,21.6
BBS,1928,12.3,5.7,18.0
SLB,1928,16.8,12.9,29.7
PHI,1928,2.1,6.8,8.9
BBB,1928,0.0,9.3,9.3
CLE,1928,10.6,12.3,22.9
CSE,1928,1.9,1.4,3.3
BRO,1928,13.7,18.3,32.0
CHC,1928,24.3,17.4,41.7
BSN,1928,8.5,3.3,11.8
MRS,1928,1.0,6.7,7.7
CSW,1928,-0.3,3.8,3.5
BOS,1928,8.2,12.9,21.1
NYG,1928,30.6,12.8,43.4
SLS,1928,26.0,8.8,34.8
PIT,1928,24.7,15.8,40.5
AC,1928,3.7,5.1,8.8
CIN,1928,15.7,13.3,29.0
PHA,1928,29.8,19.0,48.8
STL,1928,24.4,14.4,38.8
- - -,1928,7.2,6.4,13.6
CHW,1928,11.0,10.0,21.0
NYY,1928,34.9,12.0,46.9
DS,1928,15.6,3.2,18.8
CAG,1928,9.1,9.0,18.1
DET,1928,13.8,11.6,25.4
NLG,1928,5.2,3.9,9.1
CTG,1928,-1.3,2.3,1.0
NYG,1929,27.2,13.2,40.4
NLG,1929,13.1,3.1,16.2
AC,1929,-3.0,3.4,0.4
BSN,1929,3.3,7.6,10.9
SLB,1929,15.3,14.7,30.0
KCM,1929,18.2,17.3,35.5
PHI,1929,19.9,7.8,27.7
CAG,1929,2.6,10.6,13.2
STL,1929,16.7,14.6,31.3
- - -,1929,32.6,14.9,47.5
CHC,1929,32.8,16.4,49.2
BOS,1929,4.6,10.5,15.1
PIT,1929,22.0,14.9,36.9
CLE,1929,14.7,17.3,32.0
DS,1929,12.2,0.2,12.4
BRO,1929,15.0,12.3,27.3
BBS,1929,17.8,5.4,23.2
HG,1929,2.6,8.1,10.7
DET,1929,19.7,12.6,32.3
SLS,1929,6.2,9.7,15.9
CSW,1929,1.2,1.5,2.7
CIN,1929,11.4,15.5,26.9
WAS,1929,16.2,15.1,31.3
MRS,1929,-5.1,2.9,-2.2
HIL,1929,6.7,7.6,14.3
PHA,1929,31.0,16.5,47.5
CSE,1929,-3.5,3.8,0.3
NYY,1929,34.5,9.8,44.3
CHW,1929,9.3,8.9,18.2
BBB,1929,1.5,-0.6,0.9
CSW,1930,-1.0,6.4,5.4
SLB,1930,1.8,10.6,12.4
WAS,1930,25.6,14.2,39.8
- - -,1930,13.5,21.7,35.2
STL,1930,25.1,15.4,40.5
DS,1930,7.7,9.8,17.5
BBB,1930,5.4,6.0,11.4
PHA,1930,28.0,19.4,47.4
PIT,1930,18.5,11.0,29.5
NYY,1930,36.4,5.4,41.8
CAG,1930,5.3,7.7,13.0
NEG,1930,0.5,-1.6,-1.1
DET,1930,14.5,11.8,26.3
CLE,1930,16.7,14.6,31.3
BRO,1930,27.7,14.5,42.2
LVB,1930,-0.5,0.3,-0.2
BOS,1930,5.3,9.7,15.0
CHC,1930,29.6,12.8,42.4
PHI,1930,6.9,11.9,18.8
MRS,1930,1.6,-2.0,-0.4
KCM,1930,11.4,10.9,22.3
SLS,1930,26.0,12.1,38.1
BSN,1930,3.4,5.8,9.2
NYG,1930,30.9,9.4,40.3
CIN,1930,9.1,10.5,19.6
CHW,1930,8.2,12.8,21.0
CIN,1931,8.6,9.7,18.3
DS,1931,-0.0,3.5,3.5
BOS,1931,4.2,12.2,16.4
CLE,1931,19.4,15.4,34.8
DET,1931,6.7,11.6,18.3
PIT,1931,16.2,11.3,27.5
PHA,1931,32.4,18.3,50.7
SLS,1931,10.3,4.5,14.8
CCU,1931,1.8,2.4,4.2
WAS,1931,25.1,14.3,39.4
CHC,1931,29.1,12.4,41.5
PHI,1931,6.3,15.9,22.2
LOW,1931,1.2,0.8,2.0
STL,1931,23.4,17.0,40.4
CC2,1931,4.3,0.3,4.6
NYY,1931,44.7,14.1,58.8
NYG,1931,29.5,12.9,42.4
BSN,1931,8.2,9.4,17.6
SLB,1931,7.4,15.9,23.3
BRO,1931,15.6,16.8,32.4
- - -,1931,14.3,5.7,20.0
AB2,1931,5.6,3.2,8.8
CHW,1931,2.5,5.0,7.5
BBS,1932,7.1,3.4,10.5
CIN,1932,13.5,14.0,27.5
PIT,1932,19.9,11.9,31.8
PHA,1932,37.4,14.3,51.7
CUP,1932,1.4,1.5,2.9
MGS,1932,0.2,0.1,0.3
LVB,1932,0.2,-0.1,0.1
NYY,1932,38.9,13.6,52.5
DET,1932,15.3,13.3,28.6
HIL,1932,0.8,0.9,1.7
MRM,1932,8.2,8.5,16.7
WAP,1932,-0.4,4.0,3.6
MRS,1932,2.3,0.5,2.8
CLE,1932,16.9,19.7,36.6
CAG,1932,8.5,7.7,16.2
CHC,1932,21.6,15.1,36.7
HG,1932,6.5,1.0,7.5
NEG,1932,2.1,3.6,5.7
NWB,1932,-1.6,-0.1,-1.7
BSN,1932,13.9,10.0,23.9
NYG,1932,19.8,6.0,25.8
CHW,1932,2.8,7.1,9.9
- - -,1932,30.3,29.9,60.2
PHI,1932,22.1,12.9,35.0
LRG,1932,0.0,0.5,0.5
BBB,1932,0.4,-0.5,-0.1
DW,1932,-0.1,0.2,0.1
BCA,1932,-0.3,-1.9,-2.2
STL,1932,10.9,18.3,29.2
SLB,1932,7.3,11.7,19.0
CLS,1932,1.3,0.6,1.9
BRO,1932,22.0,12.7,34.7
BOS,1932,-5.9,3.6,-2.3
AB2,1932,4.1,1.5,5.6
WAS,1932,25.5,11.4,36.9
WAS,1933,29.2,15.4,44.6
CAG,1933,7.4,2.9,10.3
DET,1933,17.1,14.6,31.7
HG,1933,1.7,2.4,4.1
BRO,1933,12.7,10.9,23.6
BSN,1933,14.1,10.1,24.2
PC,1933,12.1,9.6,21.7
NEG,1933,3.6,1.8,5.4
CHC,1933,28.2,12.1,40.3
CHW,1933,14.8,10.0,24.8
- - -,1933,21.9,14.3,36.2
AG,1933,-0.1,0.2,0.1
BOS,1933,11.0,7.2,18.2
PHI,1933,6.9,12.5,19.4
PIT,1933,24.1,15.4,39.5
NYG,1933,22.0,12.9,34.9
PHA,1933,26.1,9.1,35.2
CLE,1933,7.2,18.4,25.6
SLB,1933,1.5,13.6,15.1
ID,1933,1.0,1.0,2.0
NYY,1933,35.0,12.1,47.1
STL,1933,18.2,18.2,36.4
CIN,1933,5.5,9.8,15.3
CBB,1933,0.9,2.6,3.5
SOX,1933,1.5,1.6,3.1
BSN,1934,18.9,6.1,25.0
BBS,1934,-0.2,0.3,0.1
CRS,1934,-3.1,0.8,-2.3
PHI,1934,4.4,10.0,14.4
CAG,1934,4.6,2.6,7.2
SLB,1934,3.0,13.9,16.9
CHC,1934,23.1,12.4,35.5
PS,1934,10.1,9.1,19.2
ND,1934,6.5,1.3,7.8
NYG,1934,26.5,14.8,41.3
BOS,1934,10.8,18.0,28.8
PIT,1934,18.1,14.0,32.1
PHA,1934,21.4,9.8,31.2
CIN,1934,2.7,13.1,15.8
STL,1934,24.7,18.3,43.0
NYY,1934,34.2,15.2,49.4
BRO,1934,22.1,9.0,31.1
PC,1934,12.6,10.2,22.8
PBG,1934,0.2,0.1,0.3
CHW,1934,7.2,4.1,11.3
CLE,1934,22.4,16.3,38.7
WAS,1934,18.0,12.0,30.0
DET,1934,34.0,16.6,50.6
- - -,1934,-2.6,11.3,8.7
NEG,1934,4.4,2.7,7.1
CEG,1935,7.9,2.8,10.7
CHC,1935,33.8,15.1,48.9
PS,1935,6.1,4.4,10.5
NYG,1935,29.6,8.4,38.0
CLE,1935,19.6,19.0,38.6
CAG,1935,2.8,2.7,5.5
PHI,1935,-1.4,14.7,13.3
SLB,1935,-1.3,8.4,7.1
WAS,1935,17.7,6.5,24.2
STL,1935,22.1,20.0,42.1
BE,1935,3.9,4.1,8.0
PIT,1935,21.9,21.5,43.4
BOS,1935,13.6,19.8,33.4
CHW,1935,13.9,10.1,24.0
BRO,1935,17.3,9.3,26.6
PHA,1935,15.7,6.2,21.9
NYY,1935,30.7,11.2,41.9
PC,1935,11.9,6.5,18.4
BSN,1935,6.8,3.1,9.9
DET,1935,31.7,17.3,49.0
ND,1935,-1.0,1.3,0.3
HG,1935,7.0,2.4,9.4
NYC,1935,2.3,6.1,8.4
CIN,1935,10.2,11.7,21.9
- - -,1935,9.4,14.1,23.5
PIT,1936,22.7,18.0,40.7
NYY,1936,38.7,13.3,52.0
NBY,1936,3.5,4.8,8.3
NYG,1936,28.0,12.9,40.9
SLB,1936,4.8,7.1,11.9
STL,1936,16.9,13.4,30.3
WAS,1936,19.4,11.9,31.3
CHW,1936,21.3,10.2,31.5
BOS,1936,8.4,20.3,28.7
PHA,1936,1.8,4.5,6.3
CIN,1936,18.0,12.4,30.4
CLE,1936,22.5,18.7,41.2
PC,1936,8.0,4.3,12.3
PS,1936,4.0,2.1,6.1
NE,1936,0.3,2.4,2.7
HG,1936,6.0,3.1,9.1
PHI,1936,4.2,14.5,18.7
NYC,1936,7.0,4.6,11.6
- - -,1936,11.1,18.2,29.3
WEG,1936,1.4,3.5,4.9
BRO,1936,6.4,11.8,18.2
CHC,1936,26.2,13.2,39.4
DET,1936,25.5,13.8,39.3
BSN,1936,18.9,4.3,23.2
DET,1937,29.8,11.6,41.4
BRO,1937,7.9,11.0,18.9
STL,1937,17.5,13.2,30.7
PHI,1937,7.5,14.5,22.0
PIT,1937,23.2,16.6,39.8
SLB,1937,5.9,7.3,13.2
KCM,1937,8.1,3.6,11.7
WAS,1937,16.5,4.8,21.3
BBB,1937,3.5,0.5,4.0
CHW,1937,19.1,13.9,33.0
BOS,1937,8.6,17.3,25.9
PHA,1937,9.8,10.2,20.0
CT,1937,7.7,2.9,10.6
PC,1937,-0.2,-0.3,-0.5
CIN,1937,10.7,13.5,24.2
CLE,1937,16.8,18.5,35.3
IA,1937,-0.5,1.2,0.7
BSN,1937,15.6,9.6,25.2
MRS,1937,-1.1,0.8,-0.3
NE,1937,-0.3,1.5,1.2
NYY,1937,36.9,15.9,52.8
HG,1937,18.0,6.4,24.4
- - -,1937,22.0,25.0,47.0
WEG,1937,5.2,2.9,8.1
CHC,1937,31.3,11.2,42.5
SL2,1937,-0.4,-1.6,-2.0
NYG,1937,25.7,14.6,40.3
NBY,1937,1.8,2.9,4.7
DTS,1937,-0.2,0.1,-0.1
CAG,1937,3.3,2.7,6.0
PS,1937,-0.7,2.0,1.3
CLE,1938,20.4,15.6,36.0
BBB,1938,0.5,0.6,1.1
SEN,1938,-1.9,-0.2,-2.1
PS,1938,7.1,2.9,10.0
AB3,1938,-0.7,1.8,1.1
WAS,1938,23.6,7.8,31.4
BEG,1938,5.4,4.6,10.0
BCA,1938,7.3,1.0,8.3
SLB,1938,5.8,11.8,17.6
PHI,1938,-1.9,5.2,3.3
PHA,1938,7.5,8.1,15.6
PC,1938,3.7,3.8,7.5
MRS,1938,2.1,2.5,4.6
NBY,1938,-3.2,2.7,-0.5
KCM,1938,8.9,6.6,15.5
JRC,1938,0.8,0.3,1.1
NE,1938,4.8,1.2,6.0
- - -,1938,14.4,16.7,31.1
BOS,1938,25.0,15.7,40.7
CHW,1938,10.5,13.2,23.7
CHC,1938,21.4,17.3,38.7
NYG,1938,22.7,13.3,36.0
CIN,1938,23.3,9.0,32.3
NYY,1938,34.3,17.7,52.0
STL,1938,18.2,15.4,33.6
HG,1938,11.9,6.5,18.4
DET,1938,17.5,14.4,31.9
CAG,1938,3.2,2.4,5.6
PIT,1938,26.9,15.1,42.0
BRO,1938,14.4,10.7,25.1
BSN,1938,12.5,7.9,20.4
STL,1939,27.9,17.8,45.7
BRO,1939,17.1,16.2,33.3
- - -,1939,7.4,26.8,34.2
MRS,1939,0.1,1.4,1.5
CBR,1939,2.5,4.7,7.2
NYG,1939,20.4,11.3,31.7
NBY,1939,0.9,2.2,3.1
NYY,1939,44.9,14.1,59.0
NE,1939,4.0,5.3,9.3
NYC,1939,-0.3,-1.3,-1.6
CHC,1939,16.6,13.0,29.6
PS,1939,4.0,1.1,5.1
CAG,1939,2.0,3.3,5.3
BSN,1939,13.7,5.4,19.1
CHW,1939,15.3,15.6,30.9
PHA,1939,6.7,3.0,9.7
SL3,1939,3.1,1.3,4.4
CLE,1939,19.6,14.5,34.1
IAB,1939,1.2,-0.9,0.3
CIN,1939,30.4,13.7,44.1
KCM,1939,5.7,10.1,15.8
HG,1939,7.9,5.1,13.0
BOS,1939,22.2,18.0,40.2
PIT,1939,11.7,13.4,25.1
PHI,1939,4.2,0.8,5.0
WAS,1939,18.1,12.4,30.5
DET,1939,19.5,14.2,33.7
TC,1939,0.1,-0.3,-0.2
BEG,1939,4.1,2.1,6.2
SLB,1939,2.7,2.7,5.4
BSN,1940,11.4,3.1,14.5
NYC,1940,0.4,-0.3,0.1
CHC,1940,21.1,16.8,37.9
STL,1940,17.8,16.4,34.2
BEG,1940,7.0,6.7,13.7
CBR,1940,1.1,0.0,1.1
CIN,1940,26.8,16.6,43.4
TIC,1940,-0.4,1.4,1.0
NYG,1940,18.5,12.2,30.7
CAG,1940,1.5,1.6,3.1
HG,1940,7.9,12.8,20.7
NYY,1940,29.0,10.4,39.4
DET,1940,24.5,21.9,46.4
PIT,1940,20.0,12.8,32.8
BRO,1940,13.7,14.7,28.4
WAS,1940,10.0,12.0,22.0
CLE,1940,24.0,14.3,38.3
MRS,1940,3.3,2.2,5.5
PHI,1940,0.9,11.0,11.9
SNS,1940,4.1,1.1,5.2
SLB,1940,10.5,9.5,20.0
KCM,1940,7.4,5.4,12.8
- - -,1940,19.6,5.4,25.0
BBB,1940,0.5,1.1,1.6
PHA,1940,7.8,9.7,17.5
CHW,1940,18.1,16.0,34.1
NBY,1940,0.8,-1.0,-0.2
BOS,1940,24.2,12.1,36.3
NE,1940,6.5,2.6,9.1
PS,1940,3.5,3.1,6.6
BBB,1941,1.8,1.4,3.2
WAS,1941,12.3,14.5,26.8
PHA,1941,16.6,6.1,22.7
PIT,1941,21.7,12.8,34.5
NYC,1941,3.2,0.0,3.2
NYY,1941,37.1,11.9,49.0
NE,1941,6.9,2.1,9.0
PHI,1941,3.7,5.0,8.7
KCM,1941,5.9,6.9,12.8
NYG,1941,13.7,11.0,24.7
HG,1941,10.5,8.6,19.1
MRS,1941,3.0,1.9,4.9
JRC,1941,-0.4,-0.1,-0.5
NBY,1941,1.1,0.3,1.4
- - -,1941,12.7,15.0,27.7
PS,1941,0.2,1.2,1.4
DET,1941,7.3,20.5,27.8
BOS,1941,29.0,15.4,44.4
CIN,1941,13.7,17.1,30.8
SNS,1941,0.7,-1.3,-0.6
CAG,1941,-0.1,-0.6,-0.7
BEG,1941,6.0,8.8,14.8
CHW,1941,11.1,16.5,27.6
CLE,1941,17.3,13.0,30.3
BSN,1941,10.9,6.5,17.4
BRO,1941,32.1,16.7,48.8
CHC,1941,15.1,14.7,29.8
STL,1941,26.3,14.5,40.8
SLB,1941,17.7,10.4,28.1
BOS,1942,32.8,13.9,46.7
NYC,1942,0.2,-0.9,-0.7
KCM,1942,7.4,7.8,15.2
JRC,1942,-0.5,-0.3,-0.8
NE,1942,3.8,3.2,7.0
NBY,1942,1.5,0.5,2.0
MRS,1942,3.8,3.0,6.8
BBB,1942,2.7,2.9,5.6
PIT,1942,11.9,14.8,26.7
PHA,1942,2.8,7.1,9.9
PHI,1942,1.6,6.9,8.5
DET,1942,8.3,20.5,28.8
SLB,1942,19.4,13.1,32.5
WAS,1942,9.0,9.0,18.0
HG,1942,7.3,9.2,16.5
- - -,1942,15.5,18.5,34.0
CHW,1942,10.8,10.6,21.4
CIN,1942,14.9,16.7,31.6
NYY,1942,37.5,16.6,54.1
BSN,1942,13.7,5.6,19.3
BRO,1942,29.5,15.4,44.9
CAG,1942,0.2,-0.8,-0.6
BEG,1942,6.7,6.3,13.0
CLE,1942,20.6,7.4,28.0
CHC,1942,20.9,9.4,30.3
STL,1942,30.2,21.2,51.4
PS,1942,1.6,3.5,5.1
CCB,1942,1.3,2.5,3.8
NYG,1942,24.9,8.6,33.5
STL,1943,31.9,23.1,55.0
BOS,1943,14.6,10.6,25.2
PHI,1943,6.7,9.0,15.7
SLB,1943,12.9,13.4,26.3
BRO,1943,22.1,7.2,29.3
BBB,1943,7.3,3.7,11.0
HG,1943,24.0,7.9,31.9
KCM,1943,7.2,2.5,9.7
- - -,1943,11.0,21.1,32.1
PS,1943,7.2,1.8,9.0
BSN,1943,7.7,12.0,19.7
CHC,1943,21.4,15.3,36.7
CHW,1943,17.0,11.3,28.3
DET,1943,17.4,21.8,39.2
NYC,1943,7.6,3.2,10.8
CC,1943,3.5,1.7,5.2
CBE,1943,2.1,3.9,6.0
NE,1943,1.9,1.2,3.1
HSS,1943,-0.7,2.0,1.3
NBY,1943,-2.1,1.1,-1.0
NYG,1943,7.5,5.2,12.7
PIT,1943,21.7,17.4,39.1
MRS,1943,0.7,1.4,2.1
BEG,1943,-0.2,2.8,2.6
CAG,1943,4.7,1.8,6.5
PHA,1943,-0.7,10.7,10.0
CLE,1943,27.4,9.6,37.0
NYY,1943,32.1,18.7,50.8
WAS,1943,23.2,11.0,34.2
CIN,1943,21.4,10.8,32.2
PS,1944,11.3,5.9,17.2
HG,1944,11.5,6.0,17.5
DET,1944,17.8,22.7,40.5
BEG,1944,3.2,2.1,5.3
CIN,1944,20.6,13.4,34.0
PIT,1944,19.9,14.9,34.8
PHA,1944,9.4,17.4,26.8
KCM,1944,5.3,6.0,11.3
BRO,1944,10.2,5.4,15.6
BSN,1944,11.0,11.0,22.0
NYY,1944,29.8,9.3,39.1
CAG,1944,2.4,2.0,4.4
NYG,1944,18.9,3.8,22.7
CBE,1944,1.6,1.5,3.1
CHC,1944,17.8,13.3,31.1
NYC,1944,3.3,2.9,6.2
NE,1944,4.1,0.2,4.3
NBY,1944,-4.6,0.9,-3.7
MRS,1944,-0.2,2.5,2.3
WAS,1944,12.6,12.4,25.0
CHW,1944,9.2,12.4,21.6
- - -,1944,3.8,12.3,16.1
SLB,1944,15.2,18.1,33.3
CIC,1944,2.5,2.3,4.8
PHI,1944,11.5,16.5,28.0
BOS,1944,21.2,10.2,31.4
CLE,1944,28.2,6.7,34.9
STL,1944,36.9,21.1,58.0
BBB,1944,8.0,2.0,10.0
HG,1945,6.8,5.3,12.1
NYY,1945,30.4,11.1,41.5
CHC,1945,29.5,18.6,48.1
PHA,1945,5.9,12.0,17.9
DET,1945,12.9,18.3,31.2
WAS,1945,19.7,17.1,36.8
PIT,1945,20.3,20.0,40.3
MRS,1945,0.3,1.6,1.9
NBY,1945,-0.3,2.2,1.9
NE,1945,2.4,1.5,3.9
NYG,1945,19.1,12.8,31.9
NYC,1945,0.3,3.8,4.1
BBB,1945,4.8,2.6,7.4
CBE,1945,5.0,0.6,5.6
CAG,1945,3.7,3.4,7.1
- - -,1945,16.6,18.7,35.3
CHW,1945,14.5,11.6,26.1
PS,1945,9.9,4.8,14.7
CIN,1945,10.2,4.3,14.5
BOS,1945,19.0,10.0,29.0
CLE,1945,16.8,10.8,27.6
KCM,1945,6.4,6.5,12.9
BSN,1945,19.4,3.0,22.4
PHI,1945,-1.1,5.4,4.3
CIC,1945,1.6,0.4,2.0
STL,1945,21.6,11.3,32.9
BEG,1945,8.4,5.5,13.9
SLB,1945,12.0,17.3,29.3
BRO,1945,24.7,12.6,37.3
CIC,1946,3.8,0.9,4.7
CIN,1946,16.0,13.8,29.8
SLB,1946,5.2,14.9,20.1
CHC,1946,18.3,15.2,33.5
NYC,1946,1.6,3.2,4.8
PIT,1946,10.5,16.5,27.0
NE,1946,15.5,8.9,24.4
STL,1946,25.9,18.2,44.1
HG,1946,12.9,4.5,17.4
NBY,1946,-4.6,1.4,-3.2
CHW,1946,13.3,10.9,24.2
KCM,1946,9.5,4.8,14.3
PHI,1946,12.1,8.8,20.9
WAS,1946,15.4,5.4,20.8
PHA,1946,2.3,8.9,11.2
BOS,1946,34.0,17.1,51.1
MRS,1946,-2.1,0.8,-1.3
- - -,1946,20.4,7.3,27.7
NYY,1946,29.3,16.2,45.5
PS,1946,4.1,7.2,11.3
DET,1946,20.0,22.8,42.8
CLE,1946,14.3,11.3,25.6
NYG,1946,16.9,4.0,20.9
BSN,1946,17.2,11.9,29.1
CAG,1946,1.2,1.7,2.9
CBE,1946,3.8,-0.4,3.4
BBB,1946,0.8,1.4,2.2
BRO,1946,24.7,13.9,38.6
BEG,1946,8.8,5.7,14.5
CIC,1947,0.8,1.8,2.6
WAS,1947,2.7,12.5,15.2
DET,1947,21.0,20.9,41.9
KCM,1947,6.0,8.0,14.0
- - -,1947,14.9,14.1,29.0
PHA,1947,19.4,12.1,31.5
NYY,1947,31.8,11.8,43.6
PS,1947,1.6,3.4,5.0
CHW,1947,12.0,11.3,23.3
PHI,1947,6.3,12.8,19.1
PIT,1947,17.8,6.0,23.8
BSN,1947,20.5,14.8,35.3
BRO,1947,30.3,12.6,42.9
CBE,1947,5.5,1.9,7.4
MRS,1947,1.4,0.9,2.3
CLE,1947,29.2,7.4,36.6
CHC,1947,11.6,8.9,20.5
HG,1947,4.0,6.2,10.2
CIN,1947,8.5,12.5,21.0
NYC,1947,9.1,4.6,13.7
BBB,1947,0.1,1.3,1.4
BEG,1947,13.3,8.9,22.2
NE,1947,6.4,6.1,12.5
NYG,1947,27.1,9.6,36.7
SLB,1947,5.5,14.2,19.7
STL,1947,19.9,20.3,40.2
NBY,1947,-1.6,-1.0,-2.6
CAG,1947,0.5,1.6,2.1
BOS,1947,22.9,14.4,37.3
KCM,1948,9.5,6.9,16.4
PHI,1948,10.3,12.6,22.9
CLE,1948,42.4,12.4,54.8
- - -,1948,1.5,8.4,9.9
BRO,1948,21.6,12.3,33.9
CIN,1948,4.8,11.8,16.6
HG,1948,7.7,2.5,10.2
PS,1948,2.1,4.8,6.9
IC,1948,2.5,1.1,3.6
BOS,1948,28.6,21.6,50.2
BSN,1948,32.9,13.7,46.6
STL,1948,17.8,19.8,37.6
CAG,1948,-0.8,0.9,0.1
NE,1948,6.3,6.1,12.4
MRS,1948,-1.1,0.0,-1.1
SLB,1948,8.7,10.6,19.3
DET,1948,16.4,19.5,35.9
WAS,1948,-1.5,7.3,5.8
BBB,1948,6.6,3.4,10.0
NYC,1948,4.4,2.8,7.2
NBY,1948,-3.6,0.8,-2.8
NYY,1948,31.0,13.9,44.9
CHW,1948,4.5,2.5,7.0
PIT,1948,20.4,12.1,32.5
CBE,1948,1.3,1.0,2.3
PHA,1948,17.7,13.0,30.7
CHC,1948,14.0,12.7,26.7
BEG,1948,16.1,9.1,25.2
NYG,1948,22.1,10.2,32.3
CIN,1949,4.4,9.7,14.1
CHC,1949,5.3,13.2,18.5
WAS,1949,4.9,7.0,11.9
SLB,1949,-1.5,11.9,10.4
NYG,1949,21.8,10.7,32.5
STL,1949,24.4,22.6,47.0
BSN,1949,20.4,13.0,33.4
NYY,1949,29.7,8.9,38.6
PHI,1949,15.5,13.7,29.2
BRO,1949,33.8,15.8,49.6
CHW,1949,13.9,9.9,23.8
PHA,1949,21.7,9.9,31.6
- - -,1949,10.8,0.1,10.9
BOS,1949,31.3,22.2,53.5
CLE,1949,24.4,16.7,41.1
DET,1949,19.2,19.3,38.5
PIT,1949,10.6,13.6,24.2
WAS,1950,7.3,9.1,16.4
NYG,1950,24.8,11.0,35.8
CIN,1950,7.1,11.9,19.0
PHA,1950,10.2,8.4,18.6
PIT,1950,11.4,11.4,22.8
CLE,1950,29.8,13.1,42.9
CHW,1950,7.9,9.7,17.6
CHC,1950,11.0,11.6,22.6
SLB,1950,-2.5,12.1,9.6
NYY,1950,32.4,14.2,46.6
- - -,1950,5.2,13.7,18.9
PHI,1950,20.8,15.5,36.3
STL,1950,16.0,16.9,32.9
DET,1950,27.8,16.5,44.3
BOS,1950,32.8,16.6,49.4
BSN,1950,18.5,12.5,31.0
BRO,1950,30.6,13.7,44.3
STL,1951,16.8,12.9,29.7
CHW,1951,16.2,12.2,28.4
NYG,1951,30.9,14.2,45.1
DET,1951,14.4,14.3,28.7
PIT,1951,10.5,7.7,18.2
NYY,1951,30.9,14.3,45.2
BSN,1951,20.3,12.0,32.3
SLB,1951,-4.1,6.9,2.8
PHI,1951,16.2,15.4,31.6
BOS,1951,21.3,21.4,42.7
BRO,1951,32.5,13.2,45.7
CIN,1951,1.0,16.2,17.2
CHC,1951,4.0,12.5,16.5
PHA,1951,15.7,11.7,27.4
CLE,1951,24.2,15.2,39.4
- - -,1951,27.2,14.8,42.0
WAS,1951,11.6,4.1,15.7
BSN,1952,7.7,12.2,19.9
PHA,1952,16.5,12.8,29.3
CLE,1952,31.0,13.4,44.4
SLB,1952,6.6,10.5,17.1
PHI,1952,23.9,19.6,43.5
NYY,1952,37.5,11.8,49.3
NYG,1952,26.1,9.7,35.8
PIT,1952,-0.5,8.0,7.5
BOS,1952,12.9,9.4,22.3
WAS,1952,4.1,12.7,16.8
CHW,1952,17.7,18.3,36.0
STL,1952,27.0,14.6,41.6
- - -,1952,19.9,10.9,30.8
CHC,1952,16.8,16.7,33.5
DET,1952,3.6,10.6,14.2
BRO,1952,31.5,15.2,46.7
CIN,1952,9.1,11.1,20.2
NYG,1953,19.0,9.0,28.0
CHC,1953,5.1,9.9,15.0
PHI,1953,18.4,17.9,36.3
DET,1953,12.5,5.5,18.0
NYY,1953,33.7,13.3,47.0
PHA,1953,12.8,12.2,25.0
BRO,1953,41.0,15.6,56.6
CIN,1953,15.1,4.5,19.6
- - -,1953,10.8,20.1,30.9
CLE,1953,28.5,12.3,40.8
MIL,1953,21.1,16.8,37.9
SLB,1953,3.0,13.9,16.9
BOS,1953,11.5,20.1,31.6
PIT,1953,0.1,8.8,8.9
WAS,1953,19.7,10.2,29.9
STL,1953,23.4,16.2,39.6
CHW,1953,16.1,11.7,27.8
BRO,1954,28.4,15.7,44.1
PHA,1954,-2.7,2.3,-0.4
CHC,1954,9.8,13.8,23.6
BOS,1954,18.4,16.6,35.0
NYY,1954,33.0,14.1,47.1
STL,1954,24.8,11.2,36.0
BAL,1954,4.3,9.1,13.4
WAS,1954,12.4,15.5,27.9
CIN,1954,13.5,8.4,21.9
MIL,1954,21.4,14.9,36.3
PIT,1954,-0.3,10.6,10.3
- - -,1954,8.2,6.3,14.5
CHW,1954,28.5,19.3,47.8
PHI,1954,21.9,14.9,36.8
CLE,1954,29.2,20.1,49.3
NYG,1954,24.8,15.8,40.6
DET,1954,13.5,9.4,22.9
MIL,1955,26.4,9.5,35.9
BOS,1955,26.3,18.7,45.0
BRO,1955,33.8,18.5,52.3
CLE,1955,17.7,20.9,38.6
DET,1955,19.0,15.7,34.7
CIN,1955,19.1,12.9,32.0
WAS,1955,2.0,12.0,14.0
CHC,1955,11.4,13.6,25.0
BAL,1955,3.4,4.9,8.3
CHW,1955,24.1,19.3,43.4
NYY,1955,38.3,9.8,48.1
STL,1955,13.2,9.1,22.3
KCA,1955,5.8,0.9,6.7
NYG,1955,15.3,11.5,26.8
- - -,1955,15.7,14.3,30.0
PHI,1955,18.6,11.2,29.8
PIT,1955,-1.0,14.9,13.9
PHI,1956,8.8,9.0,17.8
KCA,1956,2.2,4.1,6.3
MIL,1956,30.1,10.7,40.8
PIT,1956,5.9,12.8,18.7
CHC,1956,9.7,10.0,19.7
CHW,1956,24.3,15.3,39.6
NYY,1956,34.0,14.1,48.1
WAS,1956,6.2,2.5,8.7
CLE,1956,16.1,22.1,38.2
CIN,1956,23.5,18.8,42.3
- - -,1956,21.5,23.2,44.7
BRO,1956,29.7,12.9,42.6
BOS,1956,28.4,18.1,46.5
BAL,1956,-0.5,9.3,8.8
NYG,1956,5.4,12.2,17.6
DET,1956,28.0,13.7,41.7
STL,1956,17.0,8.9,25.9
CIN,1957,23.2,11.0,34.2
MIL,1957,30.3,8.2,38.5
BAL,1957,17.7,15.4,33.1
PHI,1957,12.5,19.2,31.7
STL,1957,20.1,16.0,36.1
WAS,1957,3.1,6.3,9.4
DET,1957,16.2,14.6,30.8
CLE,1957,14.3,11.6,25.9
KCA,1957,5.8,7.1,12.9
NYG,1957,8.3,9.4,17.7
BOS,1957,23.0,18.4,41.4
NYY,1957,32.7,13.5,46.2
BRO,1957,18.2,19.1,37.3
- - -,1957,15.0,13.8,28.8
PIT,1957,16.9,9.3,26.2
CHC,1957,4.2,10.2,14.4
CHW,1957,27.9,14.6,42.5
DET,1958,19.8,16.3,36.1
BOS,1958,22.9,16.6,39.5
LAD,1958,8.2,10.5,18.7
CHW,1958,21.9,10.1,32.0
PHI,1958,14.1,16.9,31.0
KCA,1958,9.5,8.7,18.2
CHC,1958,21.3,9.3,30.6
WAS,1958,1.9,9.9,11.8
SFG,1958,23.1,9.1,32.2
- - -,1958,4.1,14.7,18.8
NYY,1958,36.8,11.9,48.7
PIT,1958,21.9,14.3,36.2
MIL,1958,31.7,15.3,47.0
CLE,1958,18.8,9.1,27.9
STL,1958,10.6,12.6,23.2
CIN,1958,12.2,15.5,27.7
BAL,1958,11.1,17.0,28.1
CLE,1959,24.7,6.8,31.5
MIL,1959,27.2,12.8,40.0
LAD,1959,17.1,16.9,34.0
SFG,1959,23.5,14.3,37.8
PHI,1959,5.7,11.9,17.6
BAL,1959,10.5,16.8,27.3
DET,1959,21.5,13.9,35.4
CHW,1959,25.8,13.9,39.7
KCA,1959,13.1,8.7,21.8
CIN,1959,24.6,10.0,34.6
STL,1959,13.7,16.9,30.6
BOS,1959,18.8,13.9,32.7
WAS,1959,6.9,17.4,24.3
- - -,1959,1.2,9.2,10.4
CHC,1959,17.8,11.1,28.9
PIT,1959,16.1,15.0,31.1
NYY,1959,22.8,9.8,32.6
KCA,1960,3.8,11.7,15.5
NYY,1960,32.1,9.2,41.3
CIN,1960,15.3,11.6,26.9
STL,1960,14.2,15.6,29.8
PHI,1960,1.7,12.4,14.1
MIL,1960,27.8,6.8,34.6
PIT,1960,30.4,17.4,47.8
CLE,1960,17.8,4.2,22.0
WAS,1960,11.2,15.9,27.1
CHC,1960,11.5,4.8,16.3
BAL,1960,23.6,14.1,37.7
CHW,1960,29.0,11.1,40.1
DET,1960,14.0,20.3,34.3
BOS,1960,8.3,16.0,24.3
SFG,1960,21.3,15.8,37.1
LAD,1960,19.3,16.6,35.9
- - -,1960,9.2,14.3,23.5
- - -,1961,-1.8,10.0,8.2
WAS,1961,10.4,11.3,21.7
LAD,1961,15.5,17.4,32.9
LAA,1961,11.4,11.7,23.1
STL,1961,18.3,17.9,36.2
BOS,1961,12.6,12.4,25.0
SFG,1961,24.2,12.3,36.5
PIT,1961,18.6,17.2,35.8
KCA,1961,5.3,9.4,14.7
NYY,1961,36.6,14.7,51.3
BAL,1961,25.5,19.1,44.6
DET,1961,32.8,18.9,51.7
CHW,1961,21.9,11.5,33.4
CIN,1961,22.8,14.1,36.9
CLE,1961,21.0,7.4,28.4
MIN,1961,15.3,17.7,33.0
CHC,1961,11.7,11.9,23.6
MIL,1961,29.2,6.3,35.5
PHI,1961,4.7,10.4,15.1
LAA,1962,17.4,10.8,28.2
MIL,1962,26.2,12.6,38.8
NYM,1962,2.9,6.5,9.4
MIN,1962,24.8,19.9,44.7
LAD,1962,29.8,17.8,47.6
CHW,1962,18.0,17.6,35.6
BOS,1962,17.9,15.6,33.5
DET,1962,20.3,15.9,36.2
- - -,1962,0.9,9.5,10.4
KCA,1962,13.3,8.5,21.8
SFG,1962,37.6,13.0,50.6
STL,1962,23.1,19.6,42.7
NYY,1962,31.0,15.8,46.8
BAL,1962,16.4,14.8,31.2
CLE,1962,17.2,8.4,25.6
HOU,1962,1.9,19.7,21.6
WAS,1962,10.4,9.8,20.2
CHC,1962,9.0,6.7,15.7
PHI,1962,19.6,9.5,29.1
CIN,1962,24.2,14.2,38.4
PIT,1962,18.5,20.4,38.9
CHW,1963,25.3,22.4,47.7
LAD,1963,22.4,18.2,40.6
- - -,1963,1.1,6.0,7.1
HOU,1963,-0.8,18.0,17.2
CHC,1963,15.6,18.6,34.2
CLE,1963,10.9,8.9,19.8
BAL,1963,22.0,13.6,35.6
STL,1963,31.3,17.5,48.8
CIN,1963,19.8,21.2,41.0
PIT,1963,19.3,15.4,34.7
DET,1963,24.0,9.5,33.5
WAS,1963,2.6,5.1,7.7
NYY,1963,27.5,19.7,47.2
NYM,1963,-3.2,3.2,0.0
LAA,1963,16.0,9.5,25.5
KCA,1963,6.6,13.1,19.7
MIL,1963,29.9,8.1,38.0
PHI,1963,26.8,12.2,39.0
BOS,1963,19.8,16.8,36.6
MIN,1963,32.4,14.6,47.0
SFG,1963,29.9,14.0,43.9
CHC,1964,19.3,9.7,29.0
CIN,1964,19.3,24.1,43.4
PHI,1964,23.0,13.4,36.4
SFG,1964,21.6,16.2,37.8
KCA,1964,8.7,-0.0,8.7
MIN,1964,29.3,10.9,40.2
CHW,1964,25.7,18.8,44.5
BAL,1964,28.2,17.6,45.8
WAS,1964,7.5,7.3,14.8
HOU,1964,-1.4,13.0,11.6
PIT,1964,21.8,17.8,39.6
MIL,1964,35.6,5.7,41.3
CLE,1964,10.1,14.5,24.6
NYM,1964,8.9,4.9,13.8
NYY,1964,25.8,18.4,44.2
LAA,1964,14.7,17.9,32.6
STL,1964,18.7,17.4,36.1
BOS,1964,16.2,14.8,31.0
DET,1964,23.9,14.8,38.7
LAD,1964,19.3,18.9,38.2
- - -,1964,4.9,11.8,16.7
BAL,1965,24.9,15.1,40.0
CLE,1965,20.1,22.0,42.1
BOS,1965,19.7,16.3,36.0
NYY,1965,11.8,16.3,28.1
MIL,1965,32.8,8.8,41.6
MIN,1965,32.2,12.0,44.2
CHW,1965,27.6,14.3,41.9
CHC,1965,9.9,10.3,20.2
CIN,1965,33.3,16.8,50.1
- - -,1965,-5.7,9.7,4.0
LAD,1965,25.7,16.3,42.0
KCA,1965,11.8,4.7,16.5
WAS,1965,8.0,4.4,12.4
NYM,1965,2.4,3.9,6.3
SFG,1965,21.3,18.5,39.8
CAL,1965,15.3,14.0,29.3
HOU,1965,9.1,13.9,23.0
DET,1965,18.6,17.1,35.7
PIT,1965,26.5,20.0,46.5
PHI,1965,18.1,18.9,37.0
STL,1965,18.6,13.3,31.9
STL,1966,17.0,14.0,31.0
DET,1966,26.3,4.6,30.9
ATL,1966,30.7,12.7,43.4
MIN,1966,24.4,23.3,47.7
BOS,1966,15.3,8.3,23.6
WAS,1966,14.7,9.3,24.0
PIT,1966,33.9,13.6,47.5
CHC,1966,10.8,7.3,18.1
NYY,1966,17.7,13.1,30.8
CHW,1966,15.9,18.0,33.9
BAL,1966,31.4,15.9,47.3
PHI,1966,22.5,10.8,33.3
NYM,1966,5.3,-1.8,3.5
LAD,1966,21.2,25.6,46.8
KCA,1966,7.8,11.3,19.1
CLE,1966,11.6,21.1,32.7
CAL,1966,15.6,7.6,23.2
- - -,1966,11.4,21.1,32.5
SFG,1966,20.6,20.3,40.9
HOU,1966,13.0,14.7,27.7
CIN,1966,11.0,15.6,26.6
HOU,1967,16.8,12.3,29.1
CHC,1967,25.9,12.2,38.1
BOS,1967,27.0,14.8,41.8
PHI,1967,16.7,20.2,36.9
NYM,1967,3.0,6.4,9.4
DET,1967,33.3,12.5,45.8
ATL,1967,21.7,11.8,33.5
MIN,1967,16.6,24.8,41.4
LAD,1967,12.3,16.3,28.6
CHW,1967,17.9,16.5,34.4
PIT,1967,28.6,7.5,36.1
KCA,1967,7.8,11.9,19.7
CIN,1967,12.0,21.6,33.6
BAL,1967,27.3,10.8,38.1
SFG,1967,26.0,17.3,43.3
WAS,1967,11.9,8.6,20.5
CLE,1967,11.3,16.2,27.5
STL,1967,29.4,17.5,46.9
CAL,1967,19.4,5.9,25.3
- - -,1967,5.5,11.4,16.9
NYY,1967,8.7,9.1,17.8
SFG,1968,23.8,19.5,43.3
HOU,1968,7.6,16.5,24.1
PIT,1968,30.2,12.8,43.0
PHI,1968,12.3,12.8,25.1
CHC,1968,20.3,10.6,30.9
NYM,1968,13.5,16.6,30.1
DET,1968,34.4,17.0,51.4
ATL,1968,22.3,14.6,36.9
NYY,1968,14.3,12.3,26.6
MIN,1968,15.9,23.0,38.9
CIN,1968,26.8,6.7,33.5
BAL,1968,29.7,16.3,46.0
STL,1968,24.1,19.7,43.8
WAS,1968,5.7,5.6,11.3
CLE,1968,14.6,20.6,35.2
OAK,1968,23.7,9.9,33.6
CHW,1968,10.8,13.5,24.3
LAD,1968,15.3,15.1,30.4
- - -,1968,1.7,3.1,4.8
BOS,1968,20.7,16.6,37.3
CAL,1968,13.4,3.5,16.9
NYM,1969,20.3,17.2,37.5
CLE,1969,0.6,13.5,14.1
LAD,1969,18.7,14.5,33.2
PIT,1969,30.4,17.3,47.7
CAL,1969,7.8,12.3,20.1
HOU,1969,17.0,18.9,35.9
DET,1969,21.2,19.1,40.3
ATL,1969,21.4,14.7,36.1
SDP,1969,2.8,2.1,4.9
KCR,1969,7.0,15.8,22.8
SFG,1969,25.1,16.7,41.8
BAL,1969,44.7,20.5,65.2
SEA,1969,9.3,6.2,15.5
MON,1969,8.3,3.8,12.1
STL,1969,16.7,22.9,39.6
NYY,1969,17.3,14.2,31.5
CIN,1969,28.5,8.5,37.0
PHI,1969,12.4,9.6,22.0
- - -,1969,11.0,13.6,24.6
WAS,1969,24.5,8.5,33.0
CHW,1969,11.4,13.2,24.6
OAK,1969,28.6,7.2,35.8
MIN,1969,30.7,21.8,52.5
CHC,1969,16.9,21.0,37.9
BOS,1969,24.4,10.7,35.1
CHW,1970,3.2,11.1,14.3
ATL,1970,21.1,13.6,34.7
KCR,1970,8.1,12.7,20.8
- - -,1970,6.8,11.5,18.3
SDP,1970,16.0,6.6,22.6
SFG,1970,22.5,11.1,33.6
MON,1970,14.2,4.6,18.8
OAK,1970,28.9,10.8,39.7
BAL,1970,37.3,21.0,58.3
BOS,1970,27.8,17.8,45.6
DET,1970,9.7,14.9,24.6
STL,1970,11.8,20.5,32.3
HOU,1970,16.3,14.1,30.4
PHI,1970,-1.2,18.9,17.7
LAD,1970,29.3,7.6,36.9
CHC,1970,16.3,23.9,40.2
NYY,1970,22.7,13.9,36.6
MIN,1970,25.8,21.7,47.5
CLE,1970,13.9,11.7,25.6
MIL,1970,9.9,11.1,21.0
WAS,1970,14.7,8.0,22.7
CAL,1970,17.5,9.3,26.8
NYM,1970,24.1,18.4,42.5
CIN,1970,35.1,11.9,47.0
PIT,1970,25.2,17.7,42.9
BAL,1971,39.4,17.7,57.1
ATL,1971,11.2,13.2,24.4
CLE,1971,6.0,4.0,10.0
MIN,1971,16.1,14.7,30.8
DET,1971,24.2,16.7,40.9
NYY,1971,21.8,11.6,33.4
- - -,1971,16.4,-1.1,15.3
MON,1971,14.1,5.8,19.9
CHW,1971,13.9,27.0,40.9
MIL,1971,6.7,10.3,17.0
CIN,1971,22.0,8.6,30.6
CHC,1971,12.1,23.0,35.1
CAL,1971,10.7,12.9,23.6
PHI,1971,11.7,11.5,23.2
NYM,1971,19.8,22.0,41.8
WAS,1971,5.4,5.4,10.8
HOU,1971,13.3,20.4,33.7
BOS,1971,24.3,16.3,40.6
KCR,1971,16.0,19.2,35.2
SDP,1971,5.9,12.0,17.9
SFG,1971,27.3,12.3,39.6
PIT,1971,37.4,14.0,51.4
OAK,1971,30.1,14.2,44.3
STL,1971,23.3,15.1,38.4
LAD,1971,26.2,15.4,41.6
NYY,1972,25.1,10.5,35.6
LAD,1972,25.8,17.5,43.3
NYM,1972,5.7,17.4,23.1
STL,1972,11.1,19.9,31.0
PIT,1972,32.2,18.2,50.4
CAL,1972,11.6,10.5,22.1
OAK,1972,29.6,14.8,44.4
BOS,1972,18.4,17.0,35.4
CHC,1972,20.0,21.2,41.2
CHW,1972,10.4,19.7,30.1
HOU,1972,23.9,13.5,37.4
MON,1972,9.3,13.9,23.2
KCR,1972,21.8,16.5,38.3
SFG,1972,23.0,8.9,31.9
SDP,1972,4.1,6.1,10.2
CIN,1972,34.5,9.3,43.8
DET,1972,16.4,15.9,32.3
TEX,1972,1.0,8.2,9.2
PHI,1972,10.2,14.9,25.1
BAL,1972,24.8,17.1,41.9
ATL,1972,18.7,9.5,28.2
- - -,1972,11.3,-3.7,7.6
MIN,1972,22.3,15.3,37.6
CLE,1972,11.5,10.7,22.2
MIL,1972,15.3,6.7,22.0
CHC,1973,5.0,22.3,27.3
CIN,1973,32.0,9.6,41.6
MON,1973,22.8,11.0,33.8
HOU,1973,17.6,14.5,32.1
LAD,1973,27.6,16.9,44.5
CHW,1973,8.7,17.2,25.9
PIT,1973,22.0,12.5,34.5
NYY,1973,20.0,13.9,33.9
SDP,1973,8.3,4.5,12.8
BAL,1973,41.1,14.6,55.7
NYM,1973,12.7,19.1,31.8
DET,1973,14.0,16.4,30.4
TEX,1973,5.7,4.1,9.8
BOS,1973,28.1,16.7,44.8
SFG,1973,26.1,13.1,39.2
OAK,1973,35.5,9.8,45.3
ATL,1973,29.8,11.5,41.3
CAL,1973,7.1,17.7,24.8
CLE,1973,9.2,10.3,19.5
MIL,1973,20.0,11.2,31.2
- - -,1973,-4.2,7.8,3.6
KCR,1973,15.9,15.0,30.9
STL,1973,19.1,19.8,38.9
MIN,1973,21.1,21.0,42.1
PHI,1973,10.5,13.4,23.9
MIN,1974,20.6,16.7,37.3
NYM,1974,5.9,19.1,25.0
TEX,1974,19.3,15.7,35.0
OAK,1974,26.6,21.7,48.3
CHW,1974,18.4,14.9,33.3
SFG,1974,14.7,8.4,23.1
SDP,1974,1.0,2.3,3.3
HOU,1974,23.1,9.5,32.6
DET,1974,6.5,9.8,16.3
BOS,1974,22.8,16.6,39.4
ATL,1974,19.6,23.5,43.1
CIN,1974,38.7,14.4,53.1
CHC,1974,-0.4,16.1,15.7
MON,1974,19.3,15.3,34.6
CLE,1974,18.0,9.2,27.2
PIT,1974,28.8,15.6,44.4
CAL,1974,13.8,13.3,27.1
LAD,1974,37.4,20.8,58.2
STL,1974,24.7,12.0,36.7
KCR,1974,16.8,16.4,33.2
BAL,1974,26.5,14.7,41.2
NYY,1974,21.4,11.1,32.5
PHI,1974,18.2,11.5,29.7
- - -,1974,-1.1,7.0,5.9
MIL,1974,16.6,7.9,24.5
TEX,1975,18.2,7.4,25.6
KCR,1975,22.6,18.0,40.6
- - -,1975,9.5,27.1,36.6
SDP,1975,7.8,10.6,18.4
BOS,1975,27.4,14.7,42.1
CAL,1975,7.0,15.2,22.2
PIT,1975,30.3,17.0,47.3
CHW,1975,12.0,13.8,25.8
CLE,1975,19.0,7.5,26.5
HOU,1975,18.3,6.8,25.1
ATL,1975,-1.1,11.0,9.9
OAK,1975,31.5,14.5,46.0
CIN,1975,43.3,12.0,55.3
LAD,1975,31.1,17.0,48.1
NYY,1975,23.8,19.5,43.3
STL,1975,15.8,10.0,25.8
SFG,1975,13.1,12.9,26.0
BAL,1975,28.9,16.8,45.7
MON,1975,10.9,12.0,22.9
CHC,1975,8.5,13.5,22.0
MIN,1975,21.0,11.1,32.1
NYM,1975,18.0,18.5,36.5
MIL,1975,11.9,3.4,15.3
DET,1975,0.9,14.6,15.5
PHI,1975,26.4,16.3,42.7
CHW,1976,10.0,8.7,18.7
DET,1976,11.5,12.1,23.6
PIT,1976,28.4,15.9,44.3
KCR,1976,25.9,13.9,39.8
- - -,1976,7.5,26.3,33.8
BOS,1976,22.7,15.3,38.0
CAL,1976,7.9,17.1,25.0
CIN,1976,45.9,14.6,60.5
CHC,1976,7.0,12.2,19.2
MIL,1976,11.6,8.4,20.0
LAD,1976,21.3,13.2,34.5
MIN,1976,23.0,7.4,30.4
HOU,1976,22.9,7.7,30.6
BAL,1976,22.9,10.5,33.4
ATL,1976,0.8,17.5,18.3
PHI,1976,32.5,22.7,55.2
MON,1976,1.7,7.5,9.2
SDP,1976,18.5,7.4,25.9
CLE,1976,13.7,20.2,33.9
SFG,1976,6.3,15.1,21.4
NYM,1976,20.7,23.7,44.4
NYY,1976,36.7,10.5,47.2
TEX,1976,16.3,8.3,24.6
OAK,1976,22.3,17.8,40.1
STL,1976,17.6,8.8,26.4
MIN,1977,23.4,10.8,34.2
LAD,1977,29.5,23.3,52.8
NYY,1977,35.7,13.7,49.4
MON,1977,19.8,9.8,29.6
SFG,1977,14.5,14.9,29.4
OAK,1977,5.7,10.6,16.3
CHC,1977,6.2,23.3,29.5
PHI,1977,34.9,16.7,51.6
DET,1977,13.6,15.8,29.4
CIN,1977,31.8,3.3,35.1
HOU,1977,22.6,14.7,37.3
MIL,1977,11.3,9.5,20.8
CLE,1977,12.6,18.8,31.4
CAL,1977,14.9,14.3,29.2
TEX,1977,28.7,14.4,43.1
STL,1977,19.4,7.6,27.0
TOR,1977,-0.8,9.7,8.9
PIT,1977,27.4,16.6,44.0
NYM,1977,12.0,14.4,26.4
ATL,1977,-6.5,9.1,2.6
SEA,1977,9.5,5.0,14.5
BOS,1977,29.7,18.5,48.2
SDP,1977,15.5,2.8,18.3
BAL,1977,26.1,16.2,42.3
- - -,1977,8.2,25.2,33.4
CHW,1977,19.3,11.7,31.0
KCR,1977,29.8,20.7,50.5
SEA,1978,6.1,7.6,13.7
CAL,1978,17.1,12.9,30.0
SDP,1978,16.7,17.8,34.5
TEX,1978,17.6,20.1,37.7
NYM,1978,15.0,10.3,25.3
CIN,1978,25.6,12.2,37.8
DET,1978,24.5,14.6,39.1
NYY,1978,27.1,20.4,47.5
MON,1978,27.4,5.1,32.5
MIL,1978,34.9,14.9,49.8
LAD,1978,30.8,18.1,48.9
MIN,1978,19.8,17.5,37.3
CLE,1978,9.4,14.2,23.6
PIT,1978,18.8,17.9,36.7
BOS,1978,24.0,16.6,40.6
- - -,1978,14.2,8.0,22.2
OAK,1978,3.5,13.4,16.9
CHC,1978,11.4,13.9,25.3
KCR,1978,26.9,14.2,41.1
PHI,1978,32.7,15.1,47.8
BAL,1978,27.5,16.7,44.2
STL,1978,7.4,11.8,19.2
TOR,1978,2.6,8.5,11.1
HOU,1978,16.4,14.4,30.8
ATL,1978,5.7,9.8,15.5
SFG,1978,18.6,19.0,37.6
CHW,1978,12.2,6.7,18.9
BOS,1979,25.6,20.1,45.7
CAL,1979,25.8,15.3,41.1
STL,1979,26.9,12.1,39.0
CIN,1979,27.5,17.0,44.5
SEA,1979,16.4,13.9,30.3
ATL,1979,3.0,15.1,18.1
SDP,1979,14.9,11.5,26.4
LAD,1979,25.9,15.8,41.7
CLE,1979,8.1,14.7,22.8
- - -,1979,20.2,7.4,27.6
KCR,1979,27.6,7.5,35.1
SFG,1979,10.5,4.8,15.3
PHI,1979,29.0,13.2,42.2
NYM,1979,9.7,10.5,20.2
BAL,1979,32.0,19.1,51.1
TOR,1979,2.7,7.1,9.8
HOU,1979,18.1,17.2,35.3
TEX,1979,19.5,14.9,34.4
CHW,1979,16.8,10.6,27.4
MIN,1979,16.4,19.7,36.1
MIL,1979,30.5,12.1,42.6
NYY,1979,17.5,20.2,37.7
DET,1979,17.0,13.0,30.0
CHC,1979,11.5,17.7,29.2
MON,1979,26.1,15.0,41.1
OAK,1979,-7.6,7.6,0.0
PIT,1979,21.6,17.2,38.8
NYY,1980,29.6,22.3,51.9
CHC,1980,3.0,14.5,17.5
SFG,1980,9.1,12.6,21.7
BOS,1980,24.1,16.3,40.4
KCR,1980,31.1,12.8,43.9
MIN,1980,12.5,18.1,30.6
MIL,1980,32.4,10.1,42.5
CHW,1980,6.8,14.0,20.8
SEA,1980,1.4,12.7,14.1
SDP,1980,20.8,9.1,29.9
MON,1980,23.6,15.8,39.4
LAD,1980,26.9,16.0,42.9
CLE,1980,15.4,14.0,29.4
- - -,1980,0.5,6.6,7.1
OAK,1980,27.5,13.8,41.3
PHI,1980,25.0,20.2,45.2
NYM,1980,10.1,7.1,17.2
TEX,1980,18.7,14.5,33.2
CIN,1980,23.7,13.5,37.2
ATL,1980,13.0,13.4,26.4
HOU,1980,24.1,21.6,45.7
DET,1980,20.9,13.9,34.8
CAL,1980,7.4,9.2,16.6
BAL,1980,31.9,15.5,47.4
TOR,1980,6.8,9.0,15.8
PIT,1980,20.7,16.8,37.5
STL,1980,27.4,8.8,36.2
DET,1981,18.6,8.6,27.2
PHI,1981,18.1,9.8,27.9
LAD,1981,17.0,14.4,31.4
TEX,1981,16.5,9.5,26.0
NYM,1981,8.8,4.4,13.2
SFG,1981,9.8,7.3,17.1
SDP,1981,9.5,4.2,13.7
CIN,1981,18.5,8.8,27.3
MON,1981,18.4,12.7,31.1
HOU,1981,16.3,15.5,31.8
CHW,1981,16.6,8.6,25.2
CHC,1981,-1.7,4.1,2.4
TOR,1981,-1.4,7.7,6.3
KCR,1981,12.7,8.8,21.5
BAL,1981,13.8,6.8,20.6
PIT,1981,8.8,7.9,16.7
MIN,1981,-1.7,6.8,5.1
SEA,1981,8.1,12.9,21.0
CLE,1981,3.8,14.9,18.7
CAL,1981,16.0,7.7,23.7
BOS,1981,17.8,7.5,25.3
ATL,1981,8.4,10.8,19.2
NYY,1981,17.8,13.3,31.1
MIL,1981,14.9,7.8,22.7
OAK,1981,20.9,8.0,28.9
STL,1981,20.4,6.9,27.3
- - -,1981,1.8,9.5,11.3
LAD,1982,26.5,21.9,48.4
CAL,1982,33.9,17.1,51.0
NYM,1982,7.7,6.1,13.8
PHI,1982,19.2,22.1,41.3
SFG,1982,18.4,11.4,29.8
OAK,1982,12.6,3.8,16.4
BAL,1982,30.7,15.0,45.7
TOR,1982,9.5,17.4,26.9
HOU,1982,15.0,10.8,25.8
ATL,1982,17.5,14.3,31.8
PIT,1982,26.4,11.4,37.8
CIN,1982,5.7,17.4,23.1
TEX,1982,6.3,12.5,18.8
MIN,1982,16.0,2.7,18.7
- - -,1982,-2.8,14.9,12.1
STL,1982,27.8,10.8,38.6
CHW,1982,18.3,21.8,40.1
BOS,1982,18.2,14.8,33.0
CLE,1982,14.3,18.3,32.6
SDP,1982,23.0,6.7,29.7
CHC,1982,11.9,13.2,25.1
MON,1982,29.8,18.1,47.9
KCR,1982,29.9,8.5,38.4
SEA,1982,7.2,21.5,28.7
MIL,1982,36.7,10.3,47.0
NYY,1982,8.7,19.4,28.1
DET,1982,26.4,11.1,37.5
- - -,1983,17.2,17.8,35.0
SDP,1983,16.9,7.8,24.7
TEX,1983,13.6,18.0,31.6
HOU,1983,22.9,12.7,35.6
NYY,1983,23.4,22.1,45.5
BOS,1983,16.7,10.9,27.6
CHW,1983,22.6,20.6,43.2
CIN,1983,13.4,9.7,23.1
SEA,1983,-3.7,14.5,10.8
OAK,1983,20.0,7.3,27.3
CLE,1983,8.0,12.7,20.7
MIN,1983,15.0,6.6,21.6
ATL,1983,22.1,14.1,36.2
PIT,1983,19.3,19.4,38.7
TOR,1983,28.3,13.0,41.3
PHI,1983,12.3,23.2,35.5
SFG,1983,17.7,11.8,29.5
STL,1983,25.4,6.6,32.0
BAL,1983,28.4,17.2,45.6
MON,1983,27.9,16.2,44.1
DET,1983,33.8,13.2,47.0
KCR,1983,14.9,8.1,23.0
CAL,1983,12.3,15.9,28.2
CHC,1983,14.9,13.6,28.5
LAD,1983,19.9,21.0,40.9
NYM,1983,5.7,8.5,14.2
MIL,1983,24.9,9.9,34.8
STL,1984,18.8,12.5,31.3
OAK,1984,20.1,5.5,25.6
NYY,1984,21.5,20.4,41.9
SFG,1984,16.2,6.8,23.0
TOR,1984,24.7,15.8,40.5
TEX,1984,7.8,12.8,20.6
PIT,1984,17.5,19.6,37.1
SDP,1984,24.9,8.7,33.6
SEA,1984,9.8,16.2,26.0
PHI,1984,30.4,15.8,46.2
LAD,1984,12.0,22.0,34.0
- - -,1984,1.2,16.8,18.0
HOU,1984,23.3,13.6,36.9
CAL,1984,16.5,16.8,33.3
ATL,1984,12.5,14.7,27.2
DET,1984,35.6,19.3,54.9
CHC,1984,20.9,11.6,32.5
CLE,1984,16.2,10.4,26.6
MIL,1984,8.1,12.9,21.0
KCR,1984,21.6,14.0,35.6
CHW,1984,15.6,14.2,29.8
BOS,1984,24.8,15.1,39.9
BAL,1984,24.8,13.1,37.9
CIN,1984,7.4,8.9,16.3
NYM,1984,19.1,12.8,31.9
MON,1984,22.4,12.1,34.5
MIN,1984,20.8,10.7,31.5
CHW,1985,10.2,16.9,27.1
DET,1985,25.0,14.8,39.8
NYM,1985,25.3,20.0,45.3
MIL,1985,9.2,7.8,17.0
TOR,1985,29.1,17.1,46.2
BOS,1985,27.4,18.8,46.2
NYY,1985,32.1,17.6,49.7
LAD,1985,25.6,20.6,46.2
SEA,1985,17.0,13.9,30.9
CLE,1985,7.9,3.1,11.0
TEX,1985,8.5,10.8,19.3
CIN,1985,20.0,14.5,34.5
PIT,1985,6.3,14.4,20.7
CAL,1985,21.5,11.9,33.4
MON,1985,18.5,17.6,36.1
HOU,1985,22.6,9.2,31.8
STL,1985,32.6,17.8,50.4
ATL,1985,8.7,5.9,14.6
OAK,1985,21.5,4.2,25.7
CHC,1985,17.6,12.1,29.7
- - -,1985,5.4,16.5,21.9
BAL,1985,25.6,10.9,36.5
MIN,1985,19.4,10.9,30.3
PHI,1985,13.6,11.5,25.1
SDP,1985,20.9,14.1,35.0
SFG,1985,9.6,13.9,23.5
KCR,1985,12.1,25.0,37.1
CHC,1986,7.6,13.6,21.2
OAK,1986,23.3,6.7,30.0
CIN,1986,17.6,15.2,32.8
SEA,1986,4.1,15.3,19.4
SFG,1986,25.4,13.8,39.2
HOU,1986,24.7,16.8,41.5
PIT,1986,20.1,10.6,30.7
MIN,1986,15.4,9.6,25.0
BAL,1986,17.1,14.5,31.6
ATL,1986,6.4,11.7,18.1
MIL,1986,7.2,16.0,23.2
DET,1986,32.2,10.4,42.6
CHW,1986,8.9,12.9,21.8
NYY,1986,26.4,13.2,39.6
CAL,1986,29.5,20.4,49.9
CLE,1986,20.4,6.6,27.0
SDP,1986,17.2,7.2,24.4
TEX,1986,20.7,12.4,33.1
TOR,1986,22.8,15.8,38.6
MON,1986,17.8,13.9,31.7
STL,1986,17.9,8.7,26.6
- - -,1986,11.0,20.4,31.4
BOS,1986,21.8,16.4,38.2
NYM,1986,32.7,20.8,53.5
LAD,1986,11.3,17.6,28.9
KCR,1986,12.4,19.8,32.2
PHI,1986,21.2,11.6,32.8
SFG,1987,22.7,9.5,32.2
CHC,1987,11.2,12.7,23.9
DET,1987,31.1,15.7,46.8
OAK,1987,20.6,15.2,35.8
TEX,1987,14.5,9.6,24.1
SDP,1987,19.2,6.7,25.9
CHW,1987,22.7,7.9,30.6
PHI,1987,19.8,9.1,28.9
- - -,1987,6.2,35.2,41.4
ATL,1987,14.0,8.7,22.7
BAL,1987,14.0,6.9,20.9
HOU,1987,12.5,18.1,30.6
BOS,1987,21.7,15.9,37.6
CAL,1987,17.3,10.0,27.3
MIN,1987,16.5,10.9,27.4
KCR,1987,16.2,21.3,37.5
MIL,1987,17.6,20.0,37.6
MON,1987,15.8,19.0,34.8
STL,1987,22.2,14.7,36.9
NYM,1987,30.8,17.1,47.9
NYY,1987,21.9,12.4,34.3
CLE,1987,10.6,3.4,14.0
LAD,1987,6.0,16.3,22.3
PIT,1987,23.3,6.7,30.0
SEA,1987,16.6,18.1,34.7
TOR,1987,28.2,20.1,48.3
CIN,1987,21.3,12.4,33.7
CLE,1988,9.6,19.1,28.7
HOU,1988,13.8,10.8,24.6
PHI,1988,8.4,5.1,13.5
CIN,1988,24.5,14.8,39.3
CHW,1988,8.8,5.1,13.9
KCR,1988,17.7,18.3,36.0
SFG,1988,23.8,16.5,40.3
MIN,1988,25.7,15.6,41.3
CHC,1988,14.4,14.5,28.9
BOS,1988,31.6,16.6,48.2
CAL,1988,16.0,13.1,29.1
OAK,1988,31.2,17.9,49.1
MON,1988,21.6,12.1,33.7
PIT,1988,24.9,11.1,36.0
LAD,1988,18.9,19.0,37.9
TOR,1988,29.0,10.8,39.8
TEX,1988,16.7,11.6,28.3
DET,1988,22.6,14.2,36.8
STL,1988,11.9,12.8,24.7
SEA,1988,8.2,17.0,25.2
NYM,1988,30.0,25.6,55.6
BAL,1988,5.2,4.5,9.7
- - -,1988,16.2,13.7,29.9
MIL,1988,17.7,17.8,35.5
NYY,1988,20.6,10.4,31.0
ATL,1988,2.9,10.8,13.7
SDP,1988,21.0,13.3,34.3
CLE,1989,9.8,19.2,29.0
LAD,1989,14.7,18.5,33.2
SDP,1989,15.4,14.3,29.7
MIL,1989,14.0,13.3,27.3
PHI,1989,10.2,5.5,15.7
SEA,1989,16.4,10.1,26.5
PIT,1989,20.3,9.2,29.5
TOR,1989,22.2,21.7,43.9
TEX,1989,20.1,17.0,37.1
BAL,1989,21.7,9.3,31.0
KCR,1989,15.1,23.1,38.2
BOS,1989,28.3,15.8,44.1
CAL,1989,22.3,20.0,42.3
STL,1989,29.7,16.1,45.8
CHC,1989,21.2,16.7,37.9
MIN,1989,19.2,4.9,24.1
MON,1989,17.6,12.1,29.7
HOU,1989,18.8,11.8,30.6
SFG,1989,30.7,9.9,40.6
ATL,1989,6.8,13.9,20.7
DET,1989,9.6,5.3,14.9
CIN,1989,11.1,14.9,26.0
OAK,1989,21.3,16.2,37.5
- - -,1989,21.1,31.6,52.7
NYM,1989,25.4,13.8,39.2
CHW,1989,12.4,3.0,15.4
NYY,1989,18.7,5.2,23.9
MIL,1990,13.4,9.5,22.9
CIN,1990,18.9,20.9,39.8
CLE,1990,18.5,5.5,24.0
SFG,1990,23.3,8.1,31.4
DET,1990,25.5,6.2,31.7
ATL,1990,9.8,13.8,23.6
NYY,1990,11.3,9.4,20.7
BAL,1990,21.3,7.2,28.5
SEA,1990,19.9,19.2,39.1
TEX,1990,18.1,16.4,34.5
NYM,1990,25.6,24.7,50.3
SDP,1990,14.4,13.8,28.2
MIN,1990,11.6,14.0,25.6
STL,1990,14.5,16.0,30.5
MON,1990,17.6,12.6,30.2
- - -,1990,21.4,19.6,41.0
TOR,1990,27.2,17.4,44.6
LAD,1990,18.6,14.8,33.4
BOS,1990,13.0,21.5,34.5
PIT,1990,31.6,12.0,43.6
CHC,1990,10.5,13.7,24.2
OAK,1990,31.6,14.6,46.2
PHI,1990,19.7,6.0,25.7
KCR,1990,14.3,13.2,27.5
HOU,1990,8.5,6.5,15.0
CAL,1990,15.4,20.2,35.6
CHW,1990,19.4,17.0,36.4
STL,1991,20.4,14.5,34.9
OAK,1991,24.7,3.7,28.4
- - -,1991,3.6,9.0,12.6
CHC,1991,18.1,14.0,32.1
TOR,1991,18.7,20.2,38.9
MIL,1991,18.3,10.3,28.6
CHW,1991,28.8,10.8,39.6
SDP,1991,19.5,16.6,36.1
LAD,1991,19.8,20.3,40.1
NYY,1991,10.7,15.6,26.3
PIT,1991,31.7,17.0,48.7
SEA,1991,12.1,14.4,26.5
HOU,1991,15.5,6.0,21.5
CLE,1991,2.2,18.5,20.7
CIN,1991,23.6,16.3,39.9
PHI,1991,12.3,10.0,22.3
MON,1991,16.0,9.1,25.1
NYM,1991,14.3,19.2,33.5
CAL,1991,10.4,18.5,28.9
BAL,1991,22.3,13.0,35.3
SFG,1991,21.7,6.8,28.5
ATL,1991,14.5,17.8,32.3
MIN,1991,27.2,15.4,42.6
KCR,1991,13.7,19.5,33.2
DET,1991,29.8,10.1,39.9
BOS,1991,21.8,16.0,37.8
TEX,1991,22.2,9.5,31.7
HOU,1992,20.8,8.0,28.8
CLE,1992,19.5,8.8,28.3
DET,1992,26.1,6.0,32.1
NYY,1992,22.6,13.4,36.0
NYM,1992,5.5,13.8,19.3
MON,1992,22.5,15.6,38.1
SFG,1992,15.0,9.5,24.5
PHI,1992,21.6,6.1,27.7
BOS,1992,4.8,19.5,24.3
PIT,1992,23.2,10.2,33.4
LAD,1992,7.3,16.0,23.3
TOR,1992,28.5,17.1,45.6
MIL,1992,19.5,16.1,35.6
ATL,1992,25.0,20.0,45.0
CAL,1992,2.5,15.3,17.8
- - -,1992,9.4,20.0,29.4
KCR,1992,7.2,13.7,20.9
OAK,1992,28.0,9.4,37.4
CIN,1992,20.9,21.5,42.4
STL,1992,23.0,12.1,35.1
BAL,1992,25.4,16.4,41.8
MIN,1992,24.1,18.0,42.1
SDP,1992,23.7,15.8,39.5
CHW,1992,26.8,13.1,39.9
TEX,1992,11.7,16.9,28.6
CHC,1992,14.7,11.2,25.9
SEA,1992,15.0,9.1,24.1
DET,1993,24.3,8.5,32.8
NYM,1993,11.5,12.9,24.4
PIT,1993,17.0,8.5,25.5
LAD,1993,10.3,18.6,28.9
COL,1993,10.4,5.9,16.3
MON,1993,18.6,15.3,33.9
TOR,1993,26.1,18.7,44.8
KCR,1993,9.0,21.2,30.2
FLA,1993,4.1,12.7,16.8
CHW,1993,26.5,18.6,45.1
SDP,1993,2.8,7.2,10.0
TEX,1993,19.7,14.8,34.5
CLE,1993,18.7,7.7,26.4
BOS,1993,17.1,19.9,37.0
PHI,1993,28.5,19.1,47.6
BAL,1993,26.2,14.2,40.4
STL,1993,24.3,12.1,36.4
SFG,1993,35.9,12.3,48.2
MIL,1993,10.0,11.9,21.9
- - -,1993,23.8,11.7,35.5
MIN,1993,4.3,14.3,18.6
CHC,1993,25.7,12.9,38.6
ATL,1993,27.2,25.9,53.1
SEA,1993,21.6,18.3,39.9
CIN,1993,12.0,11.4,23.4
HOU,1993,28.2,17.8,46.0
CAL,1993,6.8,11.3,18.1
OAK,1993,10.4,6.4,16.8
NYY,1993,32.8,10.8,43.6
DET,1994,13.2,4.8,18.0
MIN,1994,11.9,6.3,18.2
MIL,1994,10.6,7.9,18.5
COL,1994,6.1,6.1,12.2
- - -,1994,-0.5,-1.5,-2.0
SFG,1994,14.7,6.1,20.8
ATL,1994,15.9,20.5,36.4
CHC,1994,10.7,7.8,18.5
STL,1994,18.6,3.5,22.1
BAL,1994,20.7,12.0,32.7
NYM,1994,7.1,9.4,16.5
CLE,1994,19.6,15.2,34.8
SDP,1994,2.6,14.5,17.1
CAL,1994,8.2,6.9,15.1
OAK,1994,11.6,7.5,19.1
PHI,1994,7.2,10.5,17.7
TOR,1994,7.8,12.5,20.3
FLA,1994,14.2,4.0,18.2
CIN,1994,19.4,13.2,32.6
HOU,1994,26.2,8.8,35.0
SEA,1994,13.2,11.8,25.0
PIT,1994,9.8,6.1,15.9
TEX,1994,9.5,6.9,16.4
LAD,1994,10.3,11.9,22.2
MON,1994,20.7,15.8,36.5
BOS,1994,10.4,10.8,21.2
KCR,1994,8.1,16.2,24.3
CHW,1994,23.6,14.9,38.5
NYY,1994,23.5,12.3,35.8
OAK,1995,14.6,11.1,25.7
SFG,1995,23.6,1.3,24.9
CHW,1995,18.9,7.2,26.1
BOS,1995,30.6,16.1,46.7
MIN,1995,14.6,-0.5,14.1
ATL,1995,18.0,24.7,42.7
HOU,1995,21.1,14.6,35.7
TEX,1995,13.4,12.6,26.0
KCR,1995,11.5,13.4,24.9
PHI,1995,11.4,9.9,21.3
COL,1995,12.3,14.2,26.5
DET,1995,4.6,5.0,9.6
CAL,1995,23.0,13.6,36.6
CLE,1995,28.1,19.0,47.1
NYM,1995,11.1,12.6,23.7
MON,1995,10.1,14.4,24.5
MIL,1995,11.8,7.7,19.5
BAL,1995,19.7,13.6,33.3
PIT,1995,5.8,11.3,17.1
CHC,1995,17.1,8.9,26.0
CIN,1995,27.4,11.2,38.6
SEA,1995,22.1,16.8,38.9
FLA,1995,19.4,7.2,26.6
- - -,1995,15.1,37.2,52.3
STL,1995,13.3,7.3,20.6
NYY,1995,22.9,11.9,34.8
TOR,1995,5.4,8.8,14.2
SDP,1995,9.6,9.8,19.4
LAD,1995,18.2,15.4,33.6
PHI,1996,9.9,12.4,22.3
DET,1996,0.0,4.2,4.2
BAL,1996,24.4,15.4,39.8
ATL,1996,25.7,29.2,54.9
TEX,1996,27.0,16.7,43.7
PIT,1996,10.1,5.1,15.2
NYY,1996,19.5,22.2,41.7
SEA,1996,33.7,9.1,42.8
OAK,1996,17.4,9.2,26.6
LAD,1996,13.7,20.7,34.4
FLA,1996,20.6,13.3,33.9
TOR,1996,10.8,16.8,27.6
HOU,1996,21.5,12.1,33.6
SFG,1996,17.4,4.2,21.6
CLE,1996,28.9,22.3,51.2
- - -,1996,16.9,19.4,36.3
SDP,1996,19.2,20.2,39.4
COL,1996,17.4,8.6,26.0
CHC,1996,21.0,9.1,30.1
STL,1996,24.8,11.1,35.9
MIL,1996,13.6,7.5,21.1
CHW,1996,25.0,17.5,42.5
BOS,1996,18.3,14.4,32.7
MON,1996,17.0,16.7,33.7
CIN,1996,15.3,12.0,27.3
KCR,1996,6.4,21.3,27.7
CAL,1996,14.2,10.7,24.9
MIN,1996,19.6,8.2,27.8
NYM,1996,22.3,11.2,33.5
STL,1997,18.3,19.9,38.2
PHI,1997,5.3,12.1,17.4
FLA,1997,21.7,15.6,37.3
DET,1997,9.4,13.2,22.6
PIT,1997,6.6,14.7,21.3
HOU,1997,30.1,16.5,46.6
BAL,1997,23.8,20.7,44.5
NYM,1997,21.1,12.1,33.2
TOR,1997,6.5,20.2,26.7
MON,1997,17.7,14.5,32.2
MIL,1997,12.8,14.3,27.1
CIN,1997,9.1,11.8,20.9
- - -,1997,34.6,19.7,54.3
LAD,1997,18.9,12.2,31.1
SDP,1997,10.3,7.4,17.7
CLE,1997,30.4,12.2,42.6
TEX,1997,16.4,12.0,28.4
SEA,1997,31.3,15.1,46.4
ATL,1997,31.8,28.8,60.6
NYY,1997,22.5,23.7,46.2
CHC,1997,12.2,6.0,18.2
SFG,1997,26.1,8.6,34.7
COL,1997,18.3,8.9,27.2
OAK,1997,7.4,6.2,13.6
CHW,1997,14.5,6.0,20.5
MIN,1997,13.0,12.7,25.7
BOS,1997,27.1,13.2,40.3
KCR,1997,16.3,12.3,28.6
ANA,1997,19.8,9.8,29.6
NYY,1998,36.0,21.5,57.5
BAL,1998,25.1,14.5,39.6
FLA,1998,8.5,3.6,12.1
CIN,1998,15.5,10.1,25.6
CHC,1998,19.5,16.0,35.5
SEA,1998,23.5,11.5,35.0
OAK,1998,9.1,10.9,20.0
MIN,1998,-4.4,13.4,9.0
HOU,1998,35.7,13.8,49.5
ATL,1998,36.9,26.7,63.6
STL,1998,25.3,9.5,34.8
MIL,1998,16.9,7.3,24.2
TEX,1998,26.1,15.2,41.3
- - -,1998,31.0,36.5,67.5
SFG,1998,28.6,11.4,40.0
DET,1998,17.5,12.2,29.7
PHI,1998,14.8,11.2,26.0
KCR,1998,6.9,11.0,17.9
ANA,1998,8.4,15.3,23.7
COL,1998,10.8,15.9,26.7
BOS,1998,30.1,14.6,44.7
CHW,1998,22.6,5.7,28.3
TOR,1998,19.6,16.8,36.4
CLE,1998,28.2,14.0,42.2
SDP,1998,16.8,21.1,37.9
NYM,1998,12.4,13.9,26.3
PIT,1998,3.6,16.4,20.0
LAD,1998,7.8,12.8,20.6
MON,1998,13.3,9.1,22.4
TBD,1998,13.8,10.3,24.1
ARI,1998,11.2,7.6,18.8
MON,1999,8.7,17.3,26.0
NYM,1999,30.2,14.6,44.8
STL,1999,17.3,12.8,30.1
CHW,1999,12.3,11.4,23.7
NYY,1999,26.0,20.6,46.6
FLA,1999,10.5,6.4,16.9
ANA,1999,6.2,11.4,17.6
ARI,1999,26.4,20.3,46.7
CHC,1999,8.5,8.6,17.1
SFG,1999,23.4,8.3,31.7
ATL,1999,23.3,26.4,49.7
DET,1999,15.0,9.4,24.4
SDP,1999,17.8,11.9,29.7
TBD,1999,7.9,12.7,20.6
COL,1999,3.4,8.8,12.2
- - -,1999,9.6,28.0,37.6
TOR,1999,19.8,13.8,33.6
BAL,1999,27.0,10.3,37.3
BOS,1999,24.5,22.8,47.3
MIL,1999,16.7,6.6,23.3
SEA,1999,17.5,10.4,27.9
CLE,1999,35.5,15.7,51.2
KCR,1999,18.9,5.8,24.7
HOU,1999,26.4,25.6,52.0
PHI,1999,24.5,5.7,30.2
TEX,1999,26.4,18.0,44.4
CIN,1999,30.7,12.7,43.4
OAK,1999,17.0,13.7,30.7
MIN,1999,1.1,12.0,13.1
LAD,1999,21.6,12.5,34.1
PIT,1999,15.7,15.1,30.8
SFG,2000,34.8,16.6,51.4
COL,2000,13.9,10.8,24.7
BOS,2000,17.4,20.5,37.9
SDP,2000,16.2,10.6,26.8
PIT,2000,11.4,12.3,23.7
CLE,2000,25.8,18.7,44.5
- - -,2000,30.8,30.2,61.0
SEA,2000,28.0,15.4,43.4
CHC,2000,16.7,6.3,23.0
STL,2000,29.0,15.2,44.2
CIN,2000,22.7,12.2,34.9
CHW,2000,19.8,17.3,37.1
DET,2000,19.6,17.6,37.2
KCR,2000,16.9,5.4,22.3
NYY,2000,16.1,15.8,31.9
ARI,2000,16.4,18.5,34.9
OAK,2000,22.7,16.2,38.9
HOU,2000,25.1,9.1,34.2
TOR,2000,20.3,12.1,32.4
ATL,2000,25.4,21.1,46.5
MON,2000,5.6,14.0,19.6
MIN,2000,5.4,12.7,18.1
TEX,2000,9.0,10.2,19.2
PHI,2000,11.0,6.2,17.2
LAD,2000,23.0,15.8,38.8
TBD,2000,5.6,9.9,15.5
MIL,2000,10.3,8.0,18.3
BAL,2000,5.6,13.6,19.2
NYM,2000,23.0,19.0,42.0
ANA,2000,30.2,4.3,34.5
FLA,2000,15.2,13.5,28.7
ARI,2001,26.7,20.5,47.2
MON,2001,0.6,13.1,13.7
- - -,2001,21.4,26.0,47.4
COL,2001,24.3,7.0,31.3
CLE,2001,23.7,19.4,43.1
BOS,2001,12.5,17.8,30.3
TEX,2001,21.2,6.7,27.9
NYY,2001,17.6,24.5,42.1
ATL,2001,21.5,19.6,41.1
PHI,2001,22.7,12.9,35.6
KCR,2001,9.6,6.0,15.6
CHC,2001,17.6,22.1,39.7
SDP,2001,18.3,6.5,24.8
LAD,2001,18.5,15.8,34.3
PIT,2001,7.2,8.1,15.3
NYM,2001,12.0,14.4,26.4
TBD,2001,3.1,6.0,9.1
STL,2001,30.1,10.7,40.8
SEA,2001,44.3,18.8,63.1
FLA,2001,21.7,13.2,34.9
MIL,2001,15.1,5.7,20.8
TOR,2001,15.8,16.1,31.9
OAK,2001,27.3,23.5,50.8
MIN,2001,19.9,10.7,30.6
CIN,2001,8.9,9.6,18.5
DET,2001,12.0,8.4,20.4
SFG,2001,28.1,15.4,43.5
HOU,2001,21.8,14.5,36.3
CHW,2001,23.1,13.3,36.4
BAL,2001,7.5,9.3,16.8
ANA,2001,17.8,13.8,31.6
TOR,2002,19.4,8.9,28.3
ATL,2002,21.3,19.9,41.2
MIN,2002,25.9,16.3,42.2
BAL,2002,10.6,8.8,19.4
SFG,2002,34.5,18.0,52.5
STL,2002,26.1,12.1,38.2
CHW,2002,16.4,13.8,30.2
KCR,2002,7.9,7.3,15.2
NYY,2002,28.0,26.0,54.0
SDP,2002,11.5,7.5,19.0
CHC,2002,14.9,16.9,31.8
DET,2002,1.2,7.5,8.7
PHI,2002,16.8,13.7,30.5
TEX,2002,21.7,4.7,26.4
ARI,2002,23.3,26.3,49.6
MIL,2002,8.6,5.1,13.7
NYM,2002,15.5,10.7,26.2
CIN,2002,17.1,10.1,27.2
MON,2002,14.8,14.3,29.1
TBD,2002,12.0,3.3,15.3
OAK,2002,21.2,22.5,43.7
LAD,2002,24.6,17.0,41.6
SEA,2002,31.9,17.7,49.6
ANA,2002,29.4,16.1,45.5
COL,2002,8.1,5.1,13.2
- - -,2002,26.3,32.2,58.5
FLA,2002,16.3,9.5,25.8
PIT,2002,12.7,7.5,20.2
BOS,2002,23.6,21.8,45.4
CLE,2002,11.5,8.6,20.1
HOU,2002,17.7,19.3,37.0
NYY,2003,22.4,28.5,50.9
TEX,2003,20.1,8.0,28.1
BOS,2003,31.5,19.3,50.8
CIN,2003,4.5,4.3,8.8
CLE,2003,12.2,10.4,22.6
SFG,2003,28.1,12.9,41.0
OAK,2003,12.5,21.9,34.4
MIN,2003,21.2,16.7,37.9
BAL,2003,14.9,9.0,23.9
CHC,2003,15.4,24.1,39.5
DET,2003,-1.5,2.5,1.0
STL,2003,34.9,8.8,43.7
TOR,2003,18.1,14.5,32.6
CHW,2003,19.9,21.7,41.6
FLA,2003,22.7,19.5,42.2
SEA,2003,30.1,15.2,45.3
NYM,2003,4.4,7.5,11.9
HOU,2003,27.0,16.0,43.0
LAD,2003,10.7,27.1,37.8
MON,2003,10.8,15.6,26.4
COL,2003,18.8,9.4,28.2
ANA,2003,19.9,11.0,30.9
TBD,2003,14.4,4.4,18.8
- - -,2003,36.6,21.0,57.6
ARI,2003,7.8,23.7,31.5
KCR,2003,12.4,8.8,21.2
MIL,2003,9.6,6.7,16.3
PHI,2003,26.5,16.3,42.8
SDP,2003,17.1,3.2,20.3
PIT,2003,12.6,7.0,19.6
ATL,2003,35.7,15.0,50.7
BAL,2004,22.9,15.8,38.7
TOR,2004,11.3,11.3,22.6
SEA,2004,16.4,7.0,23.4
ATL,2004,29.2,16.3,45.5
MIL,2004,9.7,17.9,27.6
LAD,2004,25.4,15.7,41.1
OAK,2004,21.2,17.0,38.2
CIN,2004,14.5,4.8,19.3
SDP,2004,26.5,16.3,42.8
- - -,2004,10.8,21.9,32.7
NYY,2004,21.6,18.7,40.3
CLE,2004,26.4,9.5,35.9
PIT,2004,10.8,12.8,23.6
ANA,2004,24.3,19.4,43.7
PHI,2004,25.0,12.4,37.4
CHC,2004,24.3,22.5,46.8
TBD,2004,17.6,7.0,24.6
COL,2004,12.3,6.2,18.5
KCR,2004,-0.3,8.3,8.0
MON,2004,8.2,9.3,17.5
HOU,2004,20.3,20.1,40.4
ARI,2004,-2.6,9.9,7.3
TEX,2004,18.8,14.9,33.7
NYM,2004,11.6,10.2,21.8
SFG,2004,28.6,13.1,41.7
FLA,2004,16.0,13.3,29.3
CHW,2004,23.1,7.8,30.9
STL,2004,32.4,16.7,49.1
MIN,2004,17.2,22.4,39.6
BOS,2004,24.4,20.8,45.2
DET,2004,21.8,10.9,32.7
SEA,2005,13.9,8.9,22.8
- - -,2005,12.1,10.2,22.3
PIT,2005,13.3,7.1,20.4
DET,2005,17.6,8.8,26.4
TBD,2005,20.8,4.8,25.6
FLA,2005,18.8,21.2,40.0
TOR,2005,18.4,14.0,32.4
STL,2005,27.2,15.4,42.6
LAD,2005,11.6,11.4,23.0
NYM,2005,18.3,18.2,36.5
CHW,2005,18.7,23.7,42.4
WSN,2005,15.1,14.1,29.2
ARI,2005,14.2,11.3,25.5
HOU,2005,18.1,23.0,41.1
KCR,2005,3.7,6.2,9.9
BOS,2005,25.8,14.5,40.3
OAK,2005,21.2,17.4,38.6
SFG,2005,9.5,11.8,21.3
MIL,2005,19.1,14.8,33.9
NYY,2005,18.5,14.0,32.5
BAL,2005,18.5,12.4,30.9
LAA,2005,19.7,21.4,41.1
COL,2005,10.9,6.8,17.7
CIN,2005,21.5,7.8,29.3
SDP,2005,19.1,16.6,35.7
CHC,2005,22.3,14.9,37.2
MIN,2005,14.2,19.0,33.2
CLE,2005,30.6,19.2,49.8
ATL,2005,29.8,14.5,44.3
TEX,2005,21.3,11.5,32.8
PHI,2005,28.6,15.6,44.2
MIN,2006,23.5,20.3,43.8
WSN,2006,16.1,2.4,18.5
SFG,2006,17.0,11.5,28.5
MIL,2006,12.9,16.0,28.9
OAK,2006,16.6,17.3,33.9
CIN,2006,16.6,13.3,29.9
CHW,2006,19.6,18.4,38.0
NYY,2006,23.5,17.9,41.4
CHC,2006,14.5,7.0,21.5
ARI,2006,11.4,17.2,28.6
SEA,2006,20.9,12.8,33.7
NYM,2006,28.4,13.4,41.8
ATL,2006,22.5,9.9,32.4
LAD,2006,19.6,16.3,35.9
TEX,2006,16.4,14.4,30.8
HOU,2006,21.1,19.4,40.5
PIT,2006,7.5,12.8,20.3
PHI,2006,23.5,12.0,35.5
COL,2006,13.8,18.0,31.8
KCR,2006,15.6,0.5,16.1
BOS,2006,17.1,12.5,29.6
FLA,2006,20.2,12.2,32.4
CLE,2006,18.6,15.9,34.5
LAA,2006,17.6,21.1,38.7
BAL,2006,18.6,8.7,27.3
SDP,2006,22.9,16.1,39.0
STL,2006,21.0,7.8,28.8
DET,2006,23.0,18.6,41.6
TBD,2006,6.7,7.0,13.7
- - -,2006,18.8,23.5,42.3
TOR,2006,24.5,15.6,40.1
TOR,2007,15.8,18.1,33.9
OAK,2007,17.9,16.4,34.3
KCR,2007,14.4,12.5,26.9
NYY,2007,34.1,13.8,47.9
LAA,2007,23.6,20.1,43.7
CIN,2007,15.7,13.3,29.0
BAL,2007,15.4,11.5,26.9
DET,2007,31.5,12.8,44.3
NYM,2007,26.3,14.7,41.0
STL,2007,17.9,9.3,27.2
CHW,2007,1.6,17.4,19.0
TEX,2007,10.8,8.4,19.2
FLA,2007,20.6,8.5,29.1
LAD,2007,17.6,19.6,37.2
CLE,2007,21.6,20.9,42.5
BOS,2007,30.5,18.1,48.6
SFG,2007,9.5,14.1,23.6
COL,2007,23.4,15.9,39.3
SDP,2007,12.8,22.6,35.4
TBD,2007,18.2,9.4,27.6
WSN,2007,14.0,4.9,18.9
MIL,2007,25.2,18.8,44.0
HOU,2007,13.2,11.5,24.7
PIT,2007,11.3,10.5,21.8
- - -,2007,9.4,5.2,14.6
ARI,2007,10.2,16.0,26.2
MIN,2007,12.3,13.4,25.7
PHI,2007,33.5,8.7,42.2
ATL,2007,25.2,12.1,37.3
SEA,2007,15.5,14.4,29.9
CHC,2007,22.4,17.6,40.0
KCR,2008,7.3,15.8,23.1
HOU,2008,22.9,9.3,32.2
CHC,2008,28.4,17.3,45.7
COL,2008,8.6,17.5,26.1
LAD,2008,13.1,19.4,32.5
ARI,2008,9.9,23.3,33.2
BOS,2008,28.5,17.8,46.3
PHI,2008,32.2,14.1,46.3
TBR,2008,27.4,19.0,46.4
TOR,2008,18.2,22.4,40.6
SFG,2008,9.9,14.8,24.7
FLA,2008,19.0,14.3,33.3
NYY,2008,21.5,17.4,38.9
CHW,2008,15.9,24.0,39.9
PIT,2008,3.6,9.6,13.2
MIN,2008,20.3,12.1,32.4
STL,2008,31.6,8.8,40.4
SDP,2008,14.9,7.7,22.6
LAA,2008,12.6,17.5,30.1
NYM,2008,29.6,12.8,42.4
ATL,2008,20.9,7.5,28.4
CIN,2008,11.2,9.5,20.7
DET,2008,16.7,8.5,25.2
OAK,2008,13.9,9.8,23.7
SEA,2008,8.2,9.2,17.4
BAL,2008,20.4,3.1,23.5
MIL,2008,23.3,9.5,32.8
- - -,2008,23.4,33.2,56.6
WSN,2008,10.8,6.7,17.5
TEX,2008,24.1,7.5,31.6
CLE,2008,22.2,9.5,31.7
TOR,2009,15.0,15.6,30.6
OAK,2009,11.6,16.4,28.0
COL,2009,18.7,19.7,38.4
SDP,2009,14.3,7.0,21.3
CHC,2009,13.6,17.4,31.0
PHI,2009,30.1,10.4,40.5
MIL,2009,23.0,5.1,28.1
ATL,2009,18.2,19.9,38.1
PIT,2009,2.7,10.7,13.4
DET,2009,15.5,17.2,32.7
TBR,2009,34.2,11.9,46.1
- - -,2009,38.8,40.1,78.9
CLE,2009,11.1,2.6,13.7
WSN,2009,11.7,4.6,16.3
NYM,2009,11.3,9.3,20.6
SEA,2009,18.7,14.5,33.2
MIN,2009,21.7,11.2,32.9
HOU,2009,12.8,11.8,24.6
ARI,2009,17.0,11.4,28.4
TEX,2009,18.9,12.7,31.6
STL,2009,20.7,16.7,37.4
NYY,2009,34.1,19.6,53.7
CHW,2009,9.4,15.7,25.1
BOS,2009,22.6,15.7,38.3
LAD,2009,27.1,16.9,44.0
SFG,2009,18.1,19.5,37.6
CIN,2009,17.8,8.5,26.3
FLA,2009,19.1,14.3,33.4
KCR,2009,4.7,15.4,20.1
LAA,2009,28.9,12.5,41.4
BAL,2009,9.7,6.0,15.7
DET,2010,23.3,17.6,40.9
STL,2010,23.9,10.4,34.3
CHW,2010,15.9,22.0,37.9
FLA,2010,14.6,15.3,29.9
COL,2010,13.9,21.8,35.7
NYM,2010,16.4,14.0,30.4
WSN,2010,15.6,9.9,25.5
TOR,2010,21.1,15.4,36.5
TEX,2010,24.1,16.2,40.3
LAD,2010,11.4,16.0,27.4
SEA,2010,2.2,11.3,13.5
- - -,2010,13.7,30.5,44.2
MIL,2010,27.5,7.6,35.1
ATL,2010,20.1,15.6,35.7
SDP,2010,23.1,16.8,39.9
OAK,2010,20.9,13.7,34.6
LAA,2010,14.3,11.2,25.5
CIN,2010,35.4,12.8,48.2
BAL,2010,9.9,9.6,19.5
HOU,2010,7.1,11.3,18.4
CLE,2010,6.9,8.8,15.7
BOS,2010,26.4,16.5,42.9
KCR,2010,7.4,9.2,16.6
ARI,2010,19.8,-2.0,17.8
CHC,2010,13.6,12.2,25.8
TBR,2010,31.2,16.2,47.4
NYY,2010,31.9,16.7,48.6
SFG,2010,23.4,17.7,41.1
MIN,2010,27.4,16.8,44.2
PIT,2010,4.2,4.0,8.2
PHI,2010,24.4,14.6,39.0
WSN,2011,15.9,10.0,25.9
TBR,2011,27.8,16.6,44.4
- - -,2011,16.4,20.7,37.1
STL,2011,27.6,11.7,39.3
TOR,2011,17.2,9.4,26.6
BOS,2011,37.4,13.5,50.9
BAL,2011,11.7,3.1,14.8
TEX,2011,34.4,18.7,53.1
ARI,2011,27.3,11.7,39.0
ATL,2011,16.8,15.0,31.8
CHC,2011,14.6,11.0,25.6
SDP,2011,14.1,13.6,27.7
MIL,2011,30.6,16.3,46.9
MIN,2011,4.3,7.5,11.8
DET,2011,22.0,15.5,37.5
SFG,2011,18.4,17.4,35.8
CHW,2011,12.3,20.3,32.6
KCR,2011,20.3,8.2,28.5
COL,2011,12.5,12.4,24.9
LAD,2011,19.2,19.8,39.0
NYY,2011,36.8,18.3,55.1
SEA,2011,3.2,13.1,16.3
PIT,2011,8.6,8.6,17.2
NYM,2011,14.2,10.7,24.9
LAA,2011,23.6,15.1,38.7
HOU,2011,8.7,6.0,14.7
PHI,2011,16.6,29.5,46.1
CLE,2011,9.7,16.8,26.5
FLA,2011,12.9,15.1,28.0
CIN,2011,28.8,6.4,35.2
OAK,2011,5.8,17.2,23.0
SFG,2012,26.1,10.7,36.8
HOU,2012,6.1,6.9,13.0
TOR,2012,14.7,6.0,20.7
CHW,2012,19.4,16.0,35.4
TBR,2012,23.5,20.4,43.9
MIA,2012,8.5,9.8,18.3
LAA,2012,33.6,8.0,41.6
BAL,2012,13.3,15.3,28.6
SEA,2012,8.5,17.4,25.9
PHI,2012,17.3,18.8,36.1
TEX,2012,23.4,21.3,44.7
CIN,2012,23.3,18.1,41.4
LAD,2012,11.9,18.7,30.6
SDP,2012,20.3,6.6,26.9
ARI,2012,20.2,13.5,33.7
CLE,2012,8.9,10.4,19.3
BOS,2012,17.0,5.2,22.2
WSN,2012,25.1,19.6,44.7
NYM,2012,15.2,14.6,29.8
PIT,2012,9.7,12.0,21.7
MIN,2012,14.0,5.7,19.7
NYY,2012,32.8,16.9,49.7
COL,2012,12.0,10.2,22.2
MIL,2012,28.4,10.9,39.3
KCR,2012,12.6,12.8,25.4
ATL,2012,28.0,11.3,39.3
- - -,2012,18.3,32.3,50.6
CHC,2012,10.8,1.9,12.7
OAK,2012,20.4,19.0,39.4
STL,2012,28.6,16.1,44.7
DET,2012,19.7,23.4,43.1
STL,2013,25.8,18.2,44.0
- - -,2013,2.6,10.5,13.1
SEA,2013,12.0,16.1,28.1
BOS,2013,34.4,14.6,49.0
COL,2013,14.5,16.7,31.2
DET,2013,27.8,26.6,54.4
PHI,2013,9.7,13.9,23.6
HOU,2013,2.7,1.4,4.1
TBR,2013,28.3,14.8,43.1
PIT,2013,22.5,17.1,39.6
SDP,2013,17.7,7.4,25.1
LAA,2013,20.8,9.7,30.5
CIN,2013,22.2,18.0,40.2
ATL,2013,25.2,17.4,42.6
ARI,2013,21.3,8.5,29.8
KCR,2013,18.5,17.2,35.7
MIL,2013,23.0,5.6,28.6
NYY,2013,13.4,14.8,28.2
TOR,2013,18.1,9.9,28.0
MIN,2013,9.9,11.4,21.3
SFG,2013,27.7,6.9,34.6
OAK,2013,26.3,16.5,42.8
CHC,2013,11.3,8.9,20.2
NYM,2013,12.5,18.0,30.5
LAD,2013,26.6,19.2,45.8
WSN,2013,19.1,17.6,36.7
CLE,2013,23.0,16.4,39.4
BAL,2013,25.9,10.3,36.2
CHW,2013,4.4,14.3,18.7
TEX,2013,19.5,19.5,39.0
MIA,2013,3.5,12.7,16.2
MIN,2014,14.5,13.5,28.0
NYM,2014,17.8,12.8,30.6
NYY,2014,12.3,14.6,26.9
WSN,2014,25.3,24.2,49.5
COL,2014,18.2,7.2,25.4
ARI,2014,13.0,6.5,19.5
KCR,2014,18.4,16.7,35.1
MIL,2014,19.5,10.4,29.9
OAK,2014,17.8,13.9,31.7
ATL,2014,14.3,18.0,32.3
TOR,2014,22.5,15.0,37.5
STL,2014,19.1,15.6,34.7
MIA,2014,16.2,14.6,30.8
HOU,2014,12.3,9.1,21.4
LAD,2014,31.5,20.4,51.9
TBR,2014,20.7,9.9,30.6
LAA,2014,31.7,13.5,45.2
BAL,2014,26.5,12.3,38.8
TEX,2014,12.0,7.4,19.4
DET,2014,22.6,16.6,39.2
PIT,2014,31.2,9.7,40.9
PHI,2014,11.4,15.9,27.3
SEA,2014,18.7,13.8,32.5
SFG,2014,25.9,8.2,34.1
BOS,2014,18.0,3.7,21.7
CLE,2014,13.8,20.2,34.0
CIN,2014,14.9,12.4,27.3
SDP,2014,9.3,11.7,21.0
- - -,2014,15.0,36.2,51.2
CHW,2014,13.2,10.4,23.6
CHC,2014,13.5,16.3,29.8
TEX,2015,20.4,9.5,29.9
KCR,2015,21.0,12.4,33.4
COL,2015,8.6,8.4,17.0
CHC,2015,25.8,22.3,48.1
CIN,2015,15.7,5.7,21.4
ATL,2015,10.3,5.2,15.5
PHI,2015,7.9,5.7,13.6
NYM,2015,21.6,19.0,40.6
TBR,2015,19.5,14.3,33.8
BAL,2015,19.2,15.4,34.6
OAK,2015,7.7,10.6,18.3
DET,2015,14.8,7.6,22.4
SEA,2015,16.4,8.4,24.8
STL,2015,23.1,20.7,43.8
BOS,2015,17.4,12.9,30.3
PIT,2015,24.0,16.0,40.0
MIA,2015,17.5,9.1,26.6
SFG,2015,29.7,8.8,38.5
SDP,2015,15.8,9.6,25.4
LAD,2015,27.7,19.1,46.8
MIN,2015,12.1,15.7,27.8
TOR,2015,32.6,10.6,43.2
NYY,2015,20.7,18.8,39.5
WSN,2015,17.9,22.5,40.4
HOU,2015,25.2,18.2,43.4
CLE,2015,18.5,20.4,38.9
ARI,2015,19.2,9.1,28.3
LAA,2015,19.0,12.2,31.2
MIL,2015,7.7,8.0,15.7
CHW,2015,10.1,17.3,27.4
- - -,2015,25.2,34.8,60.0
SDP,2016,9.8,4.2,14.0
NYY,2016,13.4,14.4,27.8
TBR,2016,15.0,10.1,25.1
ARI,2016,17.2,9.7,26.9
HOU,2016,25.9,17.2,43.1
OAK,2016,6.3,10.4,16.7
BAL,2016,21.1,15.2,36.3
PHI,2016,8.1,14.6,22.7
ATL,2016,13.1,6.3,19.4
SEA,2016,24.0,13.4,37.4
KCR,2016,13.9,12.0,25.9
TEX,2016,14.3,13.5,27.8
MIL,2016,12.1,9.7,21.8
MIA,2016,20.4,16.3,36.7
LAA,2016,17.8,4.8,22.6
TOR,2016,24.2,16.1,40.3
SFG,2016,22.2,12.5,34.7
CIN,2016,10.6,1.4,12.0
LAD,2016,23.2,19.1,42.3
- - -,2016,5.8,30.2,36.0
CHC,2016,34.6,19.1,53.7
CLE,2016,22.7,17.0,39.7
BOS,2016,32.1,17.5,49.6
DET,2016,20.0,18.4,38.4
STL,2016,25.4,16.2,41.6
NYM,2016,19.6,21.9,41.5
COL,2016,21.4,13.3,34.7
CHW,2016,17.0,18.1,35.1
PIT,2016,22.9,6.3,29.2
MIN,2016,14.3,9.8,24.1
WSN,2016,21.5,21.7,43.2
CHC,2017,26.0,14.4,40.4
MIL,2017,21.1,17.2,38.3
DET,2017,4.7,7.4,12.1
WSN,2017,22.6,20.5,43.1
- - -,2017,25.6,44.5,70.1
TEX,2017,11.0,10.0,21.0
BOS,2017,16.2,23.5,39.7
OAK,2017,14.5,4.7,19.2
HOU,2017,36.5,17.8,54.3
BAL,2017,10.1,9.0,19.1
KCR,2017,13.5,13.9,27.4
ATL,2017,13.1,7.5,20.6
CHW,2017,14.2,-4.0,10.2
SEA,2017,22.7,8.0,30.7
NYM,2017,13.8,8.4,22.2
LAD,2017,30.2,20.3,50.5
PHI,2017,11.6,11.6,23.2
COL,2017,14.3,17.8,32.1
NYY,2017,28.2,21.1,49.3
SFG,2017,8.3,11.3,19.6
CLE,2017,27.8,29.5,57.3
SDP,2017,8.5,6.7,15.2
STL,2017,24.8,14.1,38.9
ARI,2017,19.9,22.9,42.8
LAA,2017,16.0,10.1,26.1
CIN,2017,22.2,5.2,27.4
TOR,2017,9.3,15.2,24.5
MIA,2017,25.6,5.8,31.4
MIN,2017,28.1,8.0,36.1
TBR,2017,19.2,12.9,32.1
PIT,2017,11.7,15.2,26.9
WSN,2018,23.4,14.8,38.2
MIA,2018,10.6,3.2,13.8
ATL,2018,26.7,14.0,40.7
CIN,2018,16.9,6.7,23.6
LAA,2018,16.8,12.3,29.1
MIL,2018,26.6,12.9,39.5
BOS,2018,31.3,16.9,48.2
PIT,2018,17.6,14.2,31.8
SEA,2018,18.0,16.0,34.0
SFG,2018,7.0,14.6,21.6
TOR,2018,13.7,5.1,18.8
KCR,2018,6.9,6.8,13.7
TEX,2018,10.9,8.3,19.2
CHC,2018,25.4,11.1,36.5
HOU,2018,32.3,26.3,58.6
COL,2018,14.8,16.8,31.6
TBR,2018,18.7,13.2,31.9
DET,2018,3.3,9.2,12.5
- - -,2018,45.5,36.1,81.6
MIN,2018,11.9,9.3,21.2
CLE,2018,24.5,22.1,46.6
OAK,2018,29.4,12.5,41.9
PHI,2018,11.1,20.4,31.5
ARI,2018,19.9,13.2,33.1
BAL,2018,-3.0,5.4,2.4
NYY,2018,26.5,21.3,47.8
CHW,2018,10.9,7.1,18.0
LAD,2018,31.7,18.6,50.3
NYM,2018,12.9,18.0,30.9
SDP,2018,11.7,10.2,21.9
STL,2018,17.4,14.4,31.8
LAA,2019,16.1,7.4,23.5
PIT,2019,13.2,8.1,21.3
TBR,2019,23.4,21.5,44.9
PHI,2019,17.5,7.4,24.9
STL,2019,21.5,15.1,36.6
TOR,2019,9.0,4.7,13.7
SDP,2019,10.9,15.9,26.8
MIN,2019,31.9,23.7,55.6
CHC,2019,23.6,17.3,40.9
MIA,2019,3.2,2.9,6.1
ARI,2019,22.6,9.0,31.6
DET,2019,-0.8,9.7,8.9
WSN,2019,27.3,22.1,49.4
ATL,2019,24.8,10.6,35.4
COL,2019,11.9,6.6,18.5
SEA,2019,14.9,3.6,18.5
NYM,2019,24.9,17.6,42.5
BOS,2019,27.8,16.8,44.6
CHW,2019,11.5,12.9,24.4
KCR,2019,8.4,5.7,14.1
BAL,2019,5.1,4.4,9.5
- - -,2019,13.2,32.2,45.4
MIL,2019,23.5,12.0,35.5
OAK,2019,25.5,17.4,42.9
LAD,2019,35.3,25.6,60.9
CLE,2019,23.5,18.6,42.1
TEX,2019,8.8,15.0,23.8
HOU,2019,42.1,23.2,65.3
NYY,2019,30.3,18.0,48.3
SFG,2019,9.2,7.9,17.1
CIN,2019,11.8,17.3,29.1
WSN,2020,5.1,2.7,7.8
ATL,2020,12.7,4.3,17.0
TOR,2020,6.3,3.0,9.3
MIA,2020,2.3,2.3,4.6
SFG,2020,11.0,4.0,15.0
MIL,2020,6.4,8.7,15.1
- - -,2020,2.3,3.1,5.4
OAK,2020,7.4,6.8,14.2
CHW,2020,13.0,6.6,19.6
MIN,2020,9.0,9.7,18.7
ARI,2020,5.2,1.4,6.6
CHC,2020,8.5,6.6,15.1
NYM,2020,11.2,4.9,16.1
NYY,2020,9.1,5.7,14.8
LAA,2020,7.1,5.5,12.6
PHI,2020,6.8,7.8,14.6
COL,2020,1.1,3.9,5.0
BOS,2020,5.4,0.3,5.7
PIT,2020,1.7,2.6,4.3
TEX,2020,0.1,2.7,2.8
SEA,2020,3.4,3.2,6.6
KCR,2020,6.8,4.2,11.0
TBR,2020,8.8,7.2,16.0
DET,2020,5.7,0.8,6.5
SDP,2020,13.3,6.6,19.9
CLE,2020,7.0,11.2,18.2
BAL,2020,3.6,4.6,8.2
STL,2020,7.0,3.7,10.7
CIN,2020,4.8,10.0,14.8
LAD,2020,13.8,9.6,23.4
HOU,2020,6.4,6.2,12.6
ATL,2021,21.8,17.1,38.9
MIN,2021,20.4,5.6,26.0
OAK,2021,22.7,14.4,37.1
SEA,2021,11.2,11.1,22.3
STL,2021,26.2,12.6,38.8
KCR,2021,14.0,12.8,26.8
BAL,2021,5.2,7.4,12.6
- - -,2021,48.3,33.5,81.8
COL,2021,9.7,13.6,23.3
HOU,2021,32.9,15.9,48.8
CHC,2021,9.9,0.0,9.9
BOS,2021,20.0,20.4,40.4
MIL,2021,14.4,24.0,38.4
TEX,2021,8.5,3.2,11.7
SFG,2021,32.7,21.8,54.5
NYM,2021,17.8,15.8,33.6
ARI,2021,9.9,2.6,12.5
LAD,2021,26.7,24.4,51.1
PHI,2021,18.5,16.7,35.2
LAA,2021,11.2,13.2,24.4
CIN,2021,18.4,16.4,34.8
SDP,2021,22.1,13.2,35.3
WSN,2021,10.7,2.6,13.3
CHW,2021,22.1,27.0,49.1
CLE,2021,15.2,9.6,24.8
TOR,2021,30.8,12.3,43.1
NYY,2021,17.4,21.3,38.7
MIA,2021,5.3,15.2,20.5
PIT,2021,5.4,2.3,7.7
TBR,2021,30.8,15.2,46.0
DET,2021,11.8,9.0,20.8
CHC,2022,18.1,7.1,25.2
SDP,2022,20.3,17.6,37.9
STL,2022,30.5,10.7,41.2
TBR,2022,15.3,16.8,32.1
BAL,2022,18.8,10.4,29.2
NYY,2022,34.1,18.1,52.2
PHI,2022,20.9,22.0,42.9
DET,2022,3.8,9.0,12.8
ARI,2022,16.5,6.4,22.9
OAK,2022,3.5,1.3,4.8
CHW,2022,13.3,17.6,30.9
ATL,2022,29.7,20.7,50.4
MIL,2022,24.3,15.4,39.7
LAD,2022,34.2,23.3,57.5
WSN,2022,1.8,1.0,2.8
LAA,2022,12.5,14.9,27.4
CIN,2022,1.0,5.7,6.7
TOR,2022,32.7,15.1,47.8
CLE,2022,24.8,17.7,42.5
KCR,2022,7.1,8.0,15.1
PIT,2022,6.6,6.2,12.8
NYM,2022,31.7,21.6,53.3
TEX,2022,17.1,9.1,26.2
MIA,2022,8.5,14.1,22.6
- - -,2022,27.0,29.0,56.0
MIN,2022,21.1,12.1,33.2
COL,2022,9.2,10.8,20.0
SFG,2022,15.0,19.3,34.3
HOU,2022,29.9,25.2,55.1
SEA,2022,24.3,12.8,37.1
BOS,2022,16.4,10.3,26.7
WSN,2023,8.0,4.5,12.5
MIN,2023,23.2,21.3,44.5
BOS,2023,14.8,13.8,28.6
CLE,2023,14.0,13.5,27.5
PHI,2023,21.9,23.4,45.3
PIT,2023,12.3,10.5,22.8
COL,2023,3.1,5.8,8.9
DET,2023,12.2,12.8,25.0
STL,2023,16.8,8.1,24.9
CHC,2023,24.6,16.6,41.2
LAD,2023,30.3,15.2,45.5
CHW,2023,2.1,6.6,8.7
NYM,2023,16.4,6.9,23.3
SEA,2023,27.8,18.6,46.4
ATL,2023,41.2,15.5,56.7
ARI,2023,19.8,12.2,32.0
HOU,2023,27.2,14.1,41.3
MIA,2023,8.3,17.4,25.7
SFG,2023,14.4,15.1,29.5
MIL,2023,19.1,15.8,34.9
TEX,2023,34.5,10.9,45.4
SDP,2023,23.7,18.8,42.5
KCR,2023,11.1,3.2,14.3
OAK,2023,5.0,1.4,6.4
LAA,2023,17.1,10.5,27.6
TBR,2023,31.7,17.7,49.4
NYY,2023,13.3,14.1,27.4
BAL,2023,21.8,18.7,40.5
CIN,2023,15.6,13.4,29.0
- - -,2023,12.4,36.6,49.0
TOR,2023,24.8,17.7,42.5
CIN,2024,11.4,14.5,25.9
SEA,2024,17.4,17.4,34.8
CLE,2024,22.0,14.0,36.0
LAA,2024,6.6,4.4,11.0
MIA,2024,7.3,3.8,11.1
WSN,2024,9.0,15.4,24.4
NYM,2024,25.8,13.6,39.4
TOR,2024,18.0,6.7,24.7
TEX,2024,17.1,12.6,29.7
PIT,2024,8.1,13.0,21.1
KCR,2024,20.1,18.0,38.1
ARI,2024,33.7,11.9,45.6
ATL,2024,16.7,23.4,40.1
PHI,2024,26.1,21.4,47.5
DET,2024,16.5,13.7,30.2
NYY,2024,32.2,13.8,46.0
STL,2024,17.8,14.3,32.1
TBR,2024,13.1,9.7,22.8
LAD,2024,32.0,14.6,46.6
CHW,2024,-4.5,6.7,2.2
- - -,2024,17.6,35.7,53.3
BAL,2024,26.8,15.2,42.0
OAK,2024,14.2,10.9,25.1
MIL,2024,28.4,12.1,40.5
BOS,2024,22.3,16.0,38.3
SFG,2024,17.1,12.5,29.6
SDP,2024,25.1,17.5,42.6
MIN,2024,22.4,18.7,41.1
COL,2024,4.1,2.9,7.0
CHC,2024,21.1,11.9,33.0
HOU,2024,24.8,13.4,38.2
